** Drc report for XMOS_with_audio_codec.kicad_pcb **
** Created on 2026-08-18T17:00:07+0100 **

** Found 587 DRC violations **
[items_not_allowed]: Items not allowed (keepout area)
    Rule: keepout area; error
    @(254.7100 mm, 82.8200 mm): Via [D-] on F.Cu - B.Cu
[items_not_allowed]: Items not allowed (keepout area)
    Rule: keepout area; error
    @(255.6200 mm, 83.1500 mm): Via [D-] on F.Cu - B.Cu
[items_not_allowed]: Items not allowed (keepout area)
    Rule: keepout area; error
    @(251.6200 mm, 80.9600 mm): Via [D+] on F.Cu - B.Cu
[items_not_allowed]: Items not allowed (keepout area)
    Rule: keepout area; error
    @(252.9700 mm, 80.7300 mm): Via [D+] on F.Cu - B.Cu
[via_dangling]: Via is not connected or connected on only one layer
    Local override; warning
    @(221.5000 mm, 93.7000 mm): Via [xSYS2_TMS] on F.Cu - B.Cu
[via_dangling]: Via is not connected or connected on only one layer
    Local override; warning
    @(170.9000 mm, 92.0600 mm): Via [xSYS2_TMS] on F.Cu - B.Cu
[via_dangling]: Via is not connected or connected on only one layer
    Local override; warning
    @(234.5000 mm, 81.3000 mm): Via [xSYS2_TMS] on F.Cu - B.Cu
[via_dangling]: Via is not connected or connected on only one layer
    Local override; warning
    @(235.5000 mm, 80.6000 mm): Via [1V8] on F.Cu - B.Cu
[via_dangling]: Via is not connected or connected on only one layer
    Local override; warning
    @(235.8000 mm, 83.7000 mm): Via [1V8] on F.Cu - B.Cu
[via_dangling]: Via is not connected or connected on only one layer
    Local override; warning
    @(239.9000 mm, 75.0000 mm): Via [1V8] on F.Cu - B.Cu
[via_dangling]: Via is not connected or connected on only one layer
    Local override; warning
    @(234.7000 mm, 83.7000 mm): Via [1V8] on F.Cu - B.Cu
[via_dangling]: Via is not connected or connected on only one layer
    Local override; warning
    @(178.9000 mm, 85.4000 mm): Via [1V8] on F.Cu - B.Cu
[via_dangling]: Via is not connected or connected on only one layer
    Local override; warning
    @(236.4000 mm, 74.8000 mm): Via [1V8] on F.Cu - B.Cu
[via_dangling]: Via is not connected or connected on only one layer
    Local override; warning
    @(234.5000 mm, 77.6000 mm): Via [1V8] on F.Cu - B.Cu
[via_dangling]: Via is not connected or connected on only one layer
    Local override; warning
    @(225.9000 mm, 75.0000 mm): Via [I2C_SCL] on F.Cu - B.Cu
[via_dangling]: Via is not connected or connected on only one layer
    Local override; warning
    @(192.6000 mm, 78.4000 mm): Via [I2C_SCL] on F.Cu - B.Cu
[via_dangling]: Via is not connected or connected on only one layer
    Local override; warning
    @(206.5000 mm, 84.6000 mm): Via [CS] on F.Cu - B.Cu
[via_dangling]: Via is not connected or connected on only one layer
    Local override; warning
    @(228.0000 mm, 85.7000 mm): Via [CS] on F.Cu - B.Cu
[via_dangling]: Via is not connected or connected on only one layer
    Local override; warning
    @(221.9000 mm, 86.6000 mm): Via [CS] on F.Cu - B.Cu
[via_dangling]: Via is not connected or connected on only one layer
    Local override; warning
    @(222.9000 mm, 81.3000 mm): Via [I2S_ADC_DATA] on F.Cu - B.Cu
[via_dangling]: Via is not connected or connected on only one layer
    Local override; warning
    @(194.1000 mm, 80.4000 mm): Via [I2S_ADC_DATA] on F.Cu - B.Cu
[via_dangling]: Via is not connected or connected on only one layer
    Local override; warning
    @(254.7100 mm, 82.8200 mm): Via [D-] on F.Cu - B.Cu
[via_dangling]: Via is not connected or connected on only one layer
    Local override; warning
    @(255.6200 mm, 83.1500 mm): Via [D-] on F.Cu - B.Cu
[via_dangling]: Via is not connected or connected on only one layer
    Local override; warning
    @(234.0300 mm, 85.0300 mm): Via [xSYS2_TDI] on F.Cu - B.Cu
[via_dangling]: Via is not connected or connected on only one layer
    Local override; warning
    @(164.4000 mm, 93.2500 mm): Via [xSYS2_TDI] on F.Cu - B.Cu
[via_dangling]: Via is not connected or connected on only one layer
    Local override; warning
    @(233.0500 mm, 84.0000 mm): Via [xSYS2_TDI] on F.Cu - B.Cu
[via_dangling]: Via is not connected or connected on only one layer
    Local override; warning
    @(220.2000 mm, 73.6000 mm): Via [I2C_SDA] on F.Cu - B.Cu
[via_dangling]: Via is not connected or connected on only one layer
    Local override; warning
    @(192.1000 mm, 79.0000 mm): Via [I2C_SDA] on F.Cu - B.Cu
[via_dangling]: Via is not connected or connected on only one layer
    Local override; warning
    @(236.4000 mm, 82.0000 mm): Via [RESET] on F.Cu - B.Cu
[via_dangling]: Via is not connected or connected on only one layer
    Local override; warning
    @(193.0000 mm, 85.7000 mm): Via [I2S_DAC_DATA] on F.Cu - B.Cu
[via_dangling]: Via is not connected or connected on only one layer
    Local override; warning
    @(227.4000 mm, 88.4000 mm): Via [I2S_DAC_DATA] on F.Cu - B.Cu
[track_dangling]: Track has unconnected end
    Local override; warning
    @(210.8000 mm, 88.1000 mm): Track [I2S_DAC_DATA] on F.Cu, length 0.2000 mm
[via_dangling]: Via is not connected or connected on only one layer
    Local override; warning
    @(213.9000 mm, 84.4000 mm): Via [X0D43] on F.Cu - B.Cu
[via_dangling]: Via is not connected or connected on only one layer
    Local override; warning
    @(225.6000 mm, 80.3751 mm): Via [X0D43] on F.Cu - B.Cu
[via_dangling]: Via is not connected or connected on only one layer
    Local override; warning
    @(219.8281 mm, 83.8000 mm): Via [X0D43] on F.Cu - B.Cu
[track_dangling]: Track has unconnected end
    Local override; warning
    @(238.1100 mm, 92.2800 mm): Track [GND] on F.Cu, length 0.0283 mm
[via_dangling]: Via is not connected or connected on only one layer
    Local override; warning
    @(232.6000 mm, 86.7000 mm): Via [I2S_BCLK] on F.Cu - B.Cu
[via_dangling]: Via is not connected or connected on only one layer
    Local override; warning
    @(193.5000 mm, 81.0000 mm): Via [I2S_BCLK] on F.Cu - B.Cu
[via_dangling]: Via is not connected or connected on only one layer
    Local override; warning
    @(230.9000 mm, 87.4000 mm): Via [I2S_RCLK] on F.Cu - B.Cu
[via_dangling]: Via is not connected or connected on only one layer
    Local override; warning
    @(193.2000 mm, 85.0000 mm): Via [I2S_RCLK] on F.Cu - B.Cu
[via_dangling]: Via is not connected or connected on only one layer
    Local override; warning
    @(193.0000 mm, 81.7000 mm): Via [I2S_MCLK] on F.Cu - B.Cu
[via_dangling]: Via is not connected or connected on only one layer
    Local override; warning
    @(229.6884 mm, 76.5177 mm): Via [I2S_MCLK] on F.Cu - B.Cu
[track_dangling]: Track has unconnected end
    Local override; warning
    @(253.5800 mm, 83.3200 mm): Track [D+] on F.Cu, length 0.0849 mm
[via_dangling]: Via is not connected or connected on only one layer
    Local override; warning
    @(251.6200 mm, 80.9600 mm): Via [D+] on F.Cu - B.Cu
[via_dangling]: Via is not connected or connected on only one layer
    Local override; warning
    @(252.9700 mm, 80.7300 mm): Via [D+] on F.Cu - B.Cu
[via_dangling]: Via is not connected or connected on only one layer
    Local override; warning
    @(213.1000 mm, 82.6000 mm): Via [X0D30] on F.Cu - B.Cu
[via_dangling]: Via is not connected or connected on only one layer
    Local override; warning
    @(225.6000 mm, 82.0000 mm): Via [X0D30] on F.Cu - B.Cu
[via_dangling]: Via is not connected or connected on only one layer
    Local override; warning
    @(222.5000 mm, 82.6000 mm): Via [X0D30] on F.Cu - B.Cu
[via_dangling]: Via is not connected or connected on only one layer
    Local override; warning
    @(236.5000 mm, 80.3000 mm): Via [3V3] on F.Cu - B.Cu
[via_dangling]: Via is not connected or connected on only one layer
    Local override; warning
    @(231.1247 mm, 76.6257 mm): Via [3V3] on F.Cu - B.Cu
[via_dangling]: Via is not connected or connected on only one layer
    Local override; warning
    @(233.4000 mm, 75.0000 mm): Via [3V3] on F.Cu - B.Cu
[via_dangling]: Via is not connected or connected on only one layer
    Local override; warning
    @(229.9000 mm, 87.5000 mm): Via [3V3] on F.Cu - B.Cu
[via_dangling]: Via is not connected or connected on only one layer
    Local override; warning
    @(235.2000 mm, 77.9000 mm): Via [3V3] on F.Cu - B.Cu
[via_dangling]: Via is not connected or connected on only one layer
    Local override; warning
    @(230.7000 mm, 85.7000 mm): Via [3V3] on F.Cu - B.Cu
[via_dangling]: Via is not connected or connected on only one layer
    Local override; warning
    @(231.4400 mm, 77.4300 mm): Via [X1D18] on F.Cu - B.Cu
[via_dangling]: Via is not connected or connected on only one layer
    Local override; warning
    @(230.3500 mm, 75.5000 mm): Via [X1D18] on F.Cu - B.Cu
[via_dangling]: Via is not connected or connected on only one layer
    Local override; warning
    @(204.5000 mm, 75.8000 mm): Via [HLD_RST_IO3] on F.Cu - B.Cu
[via_dangling]: Via is not connected or connected on only one layer
    Local override; warning
    @(226.8000 mm, 87.0000 mm): Via [HLD_RST_IO3] on F.Cu - B.Cu
[via_dangling]: Via is not connected or connected on only one layer
    Local override; warning
    @(207.2000 mm, 84.5000 mm): Via [SI_IO1] on F.Cu - B.Cu
[via_dangling]: Via is not connected or connected on only one layer
    Local override; warning
    @(227.0000 mm, 85.7000 mm): Via [SI_IO1] on F.Cu - B.Cu
[via_dangling]: Via is not connected or connected on only one layer
    Local override; warning
    @(231.9200 mm, 77.1300 mm): Via [XL_DN0] on F.Cu - B.Cu
[via_dangling]: Via is not connected or connected on only one layer
    Local override; warning
    @(167.9500 mm, 87.8500 mm): Via [XL_DN1] on F.Cu - B.Cu
[via_dangling]: Via is not connected or connected on only one layer
    Local override; warning
    @(167.9500 mm, 88.5500 mm): Via [XL_DN1] on F.Cu - B.Cu
[via_dangling]: Via is not connected or connected on only one layer
    Local override; warning
    @(199.7000 mm, 85.4000 mm): Via [xSYS2_TCK] on F.Cu - B.Cu
[via_dangling]: Via is not connected or connected on only one layer
    Local override; warning
    @(233.9747 mm, 80.8251 mm): Via [xSYS2_TCK] on F.Cu - B.Cu
[via_dangling]: Via is not connected or connected on only one layer
    Local override; warning
    @(169.2000 mm, 91.2000 mm): Via [xSYS2_TCK] on F.Cu - B.Cu
[via_dangling]: Via is not connected or connected on only one layer
    Local override; warning
    @(224.5000 mm, 92.5000 mm): Via [xSYS2_TCK] on F.Cu - B.Cu
[via_dangling]: Via is not connected or connected on only one layer
    Local override; warning
    @(171.1000 mm, 91.2000 mm): Via [xSYS2_TCK] on F.Cu - B.Cu
[via_dangling]: Via is not connected or connected on only one layer
    Local override; warning
    @(204.5000 mm, 84.1000 mm): Via [xSYS2_TCK] on F.Cu - B.Cu
[via_dangling]: Via is not connected or connected on only one layer
    Local override; warning
    @(210.3000 mm, 76.5000 mm): Via [SI_IO0] on F.Cu - B.Cu
[via_dangling]: Via is not connected or connected on only one layer
    Local override; warning
    @(225.6957 mm, 84.1893 mm): Via [SI_IO0] on F.Cu - B.Cu
[via_dangling]: Via is not connected or connected on only one layer
    Local override; warning
    @(201.5000 mm, 89.3000 mm): Via [xSYS2_TDO] on F.Cu - B.Cu
[via_dangling]: Via is not connected or connected on only one layer
    Local override; warning
    @(172.7000 mm, 90.8000 mm): Via [xSYS2_TDO] on F.Cu - B.Cu
[via_dangling]: Via is not connected or connected on only one layer
    Local override; warning
    @(235.1000 mm, 82.1000 mm): Via [xSYS2_TDO] on F.Cu - B.Cu
[via_dangling]: Via is not connected or connected on only one layer
    Local override; warning
    @(230.8000 mm, 89.9000 mm): Via [xSYS2_TDO] on F.Cu - B.Cu
[via_dangling]: Via is not connected or connected on only one layer
    Local override; warning
    @(185.9000 mm, 90.7000 mm): Via [xSYS2_TDO] on F.Cu - B.Cu
[via_dangling]: Via is not connected or connected on only one layer
    Local override; warning
    @(226.7000 mm, 88.5000 mm): Via [xSYS2_TDO] on F.Cu - B.Cu
[via_dangling]: Via is not connected or connected on only one layer
    Local override; warning
    @(189.4000 mm, 90.7000 mm): Via [xSYS2_TDO] on F.Cu - B.Cu
[via_dangling]: Via is not connected or connected on only one layer
    Local override; warning
    @(207.9000 mm, 84.4000 mm): Via [WP_IO2] on F.Cu - B.Cu
[via_dangling]: Via is not connected or connected on only one layer
    Local override; warning
    @(225.9000 mm, 84.7000 mm): Via [WP_IO2] on F.Cu - B.Cu
[connection_width]: Copper connection too narrow (board setup constraints minimum connection width 0.1000 mm; actual 0.0800 mm) (F.Cu)
    Rule: board setup constraints; warning
    @(225.8000 mm, 85.6000 mm): Track [0V9] on F.Cu, length 1.6375 mm
    @(225.8000 mm, 85.6000 mm): Via [0V9] on F.Cu - B.Cu
[connection_width]: Copper connection too narrow (board setup constraints minimum connection width 0.1000 mm; actual 0.0787 mm) (B.Cu)
    Rule: board setup constraints; warning
    @(234.8000 mm, 82.8000 mm): Via [0V9] on F.Cu - B.Cu
    @(148.3000 mm, 61.6000 mm): Zone [0V9] on F.Cu and B.Cu, priority 0
[shorting_items]: Items shorting two nets (nets I2S_MCLK and I2C_SCL)
    Local override; error
    @(226.6760 mm, 76.8760 mm): Track [I2S_MCLK] on F.Cu, length 2.6540 mm
    @(225.9000 mm, 76.1154 mm): Track [I2C_SCL] on F.Cu, length 1.3924 mm
[tracks_crossing]: Tracks crossing
    Rule: netclass 'JTAG'; error
    @(171.0600 mm, 91.9000 mm): Track [xSYS2_TMS] on F.Cu, length 10.0400 mm
    @(172.7000 mm, 90.8000 mm): Track [xSYS2_TDO] on F.Cu, length 2.5456 mm
[shorting_items]: Items shorting two nets (nets xSYS2_TCK and HLD_RST_IO3)
    Local override; error
    @(219.6000 mm, 87.1000 mm): Track [xSYS2_TCK] on F.Cu, length 1.2000 mm
    @(225.9622 mm, 87.1000 mm): Track [HLD_RST_IO3] on F.Cu, length 17.8622 mm
[tracks_crossing]: Tracks crossing
    Rule: netclass 'JTAG'; error
    @(208.5885 mm, 85.0885 mm): Track [WP_IO2] on F.Cu, length 0.9737 mm
    @(208.5000 mm, 84.6000 mm): Track [xSYS2_TCK] on F.Cu, length 0.5657 mm
[tracks_crossing]: Tracks crossing
    Rule: netclass 'JTAG'; error
    @(172.7000 mm, 90.8000 mm): Track [xSYS2_TDO] on F.Cu, length 2.5456 mm
    @(181.2000 mm, 91.6500 mm): Track [xSYS2_TDI] on F.Cu, length 9.9000 mm
[tracks_crossing]: Tracks crossing
    Rule: netclass 'JTAG'; error
    @(163.7910 mm, 92.5210 mm): Track [RESET] on F.Cu, length 24.1783 mm
    @(181.1000 mm, 91.9000 mm): Track [xSYS2_TMS] on F.Cu, length 11.8794 mm
[tracks_crossing]: Tracks crossing
    Rule: netclass 'FLASH'; error
    @(226.3000 mm, 85.7000 mm): Track [0V9] on F.Cu, length 1.7000 mm
    @(226.7490 mm, 86.9490 mm): Track [HLD_RST_IO3] on F.Cu, length 0.6358 mm
[clearance]: Clearance violation (footprint U2 clearance 0.1000 mm; actual 0.0481 mm)
    Local override; error
    @(233.9747 mm, 81.2251 mm): Pad 23 [xSYS2_TMS] of U2 on F.Cu
    @(233.9747 mm, 80.8251 mm): Via [xSYS2_TCK] on F.Cu - B.Cu
[tracks_crossing]: Tracks crossing
    Rule: netclass 'JTAG'; error
    @(170.6639 mm, 91.9000 mm): Track [xSYS2_TMS] on F.Cu, length 2.4639 mm
    @(170.0000 mm, 91.8500 mm): Track [xSYS2_TDI] on F.Cu, length 1.8385 mm
[tracks_crossing]: Tracks crossing
    Rule: netclass 'CODEC'; error
    @(224.2000 mm, 74.4000 mm): Track [I2S_MCLK] on F.Cu, length 3.5016 mm
    @(225.9000 mm, 75.0000 mm): Track [I2C_SCL] on F.Cu, length 1.1154 mm
[clearance]: Clearance violation (netclass 'JTAG' clearance 0.1000 mm; actual 0.0750 mm)
    Rule: netclass 'JTAG'; error
    @(169.5500 mm, 90.6000 mm): Track [XL_DN1] on F.Cu, length 1.4000 mm
    @(169.2000 mm, 91.2000 mm): Via [xSYS2_TCK] on F.Cu - B.Cu
[clearance]: Clearance violation (netclass 'FLASH' clearance 0.1000 mm; actual 0.0868 mm)
    Rule: netclass 'FLASH'; error
    @(226.3000 mm, 85.7000 mm): Track [0V9] on F.Cu, length 1.7000 mm
    @(226.1132 mm, 86.9490 mm): Track [HLD_RST_IO3] on F.Cu, length 0.2135 mm
[shorting_items]: Items shorting two nets (nets GND and HLD_RST_IO3)
    Local override; error
    @(207.3950 mm, 77.3000 mm): Pad 9 [GND] of U1 on F.Cu
    @(204.5000 mm, 82.0240 mm): Track [HLD_RST_IO3] on F.Cu, length 7.5646 mm
[tracks_crossing]: Tracks crossing
    Rule: netclass 'FLASH'; error
    @(227.8993 mm, 84.8007 mm): Track [SI_IO1] on F.Cu, length 1.2719 mm
    @(217.4048 mm, 74.8260 mm): Track [I2S_BCLK] on F.Cu, length 14.7050 mm
[clearance]: Clearance violation (netclass 'JTAG' clearance 0.1000 mm; actual 0.0078 mm)
    Rule: netclass 'JTAG'; error
    @(228.1000 mm, 88.5000 mm): Track [xSYS2_TMS] on F.Cu, length 7.3539 mm
    @(224.5000 mm, 92.5000 mm): Via [xSYS2_TCK] on F.Cu - B.Cu
[tracks_crossing]: Tracks crossing
    Rule: netclass 'JTAG'; error
    @(233.1000 mm, 85.6000 mm): Track [xSYS2_TDI] on F.Cu, length 0.8061 mm
    @(233.4000 mm, 83.3000 mm): Track [xSYS2_TCK] on F.Cu, length 3.5000 mm
[clearance]: Clearance violation (netclass 'JTAG' clearance 0.1000 mm; actual 0.0750 mm)
    Rule: netclass 'JTAG'; error
    @(171.1000 mm, 91.2000 mm): Via [xSYS2_TCK] on F.Cu - B.Cu
    @(171.2000 mm, 91.5500 mm): Track [xSYS2_TDI] on F.Cu, length 1.1000 mm
[clearance]: Clearance violation (footprint U2 clearance 0.1000 mm; actual 0.0292 mm)
    Local override; error
    @(233.5078 mm, 84.8078 mm): Track [xSYS2_TDI] on F.Cu, length 0.3142 mm
    @(233.5000 mm, 84.5000 mm): Pad 15 [unconnected-(U2A-XOUT-Pad15)] of U2 on F.Cu
[tracks_crossing]: Tracks crossing
    Rule: netclass 'CODEC'; error
    @(196.6793 mm, 72.8000 mm): Track [I2C_SCL] on F.Cu, length 6.0207 mm
    @(202.1000 mm, 72.8000 mm): Track [I2S_RST] on F.Cu, length 0.2828 mm
[tracks_crossing]: Tracks crossing
    Rule: netclass 'GND'; error
    @(210.0375 mm, 90.5000 mm): Track [GND] on F.Cu, length 0.8125 mm
    @(189.7903 mm, 90.7000 mm): Track [RESET] on F.Cu, length 40.6097 mm
[tracks_crossing]: Tracks crossing
    Rule: netclass 'POWER'; error
    @(230.7000 mm, 85.1000 mm): Track [xSYS2_TMS] on F.Cu, length 0.2000 mm
    @(230.7000 mm, 85.7000 mm): Track [3V3] on F.Cu, length 1.1997 mm
[tracks_crossing]: Tracks crossing
    Rule: netclass 'JTAG'; error
    @(169.5500 mm, 90.6000 mm): Track [XL_DN1] on F.Cu, length 1.4000 mm
    @(171.1000 mm, 91.2000 mm): Track [xSYS2_TCK] on F.Cu, length 1.9000 mm
[clearance]: Clearance violation (netclass 'JTAG' clearance 0.1000 mm; actual 0.0768 mm)
    Rule: netclass 'JTAG'; error
    @(235.0000 mm, 81.7000 mm): Track [xSYS2_TCK] on F.Cu, length 2.2627 mm
    @(233.7500 mm, 83.2500 mm): Track [xSYS2_TDI] on F.Cu, length 0.0500 mm
[tracks_crossing]: Tracks crossing
    Rule: netclass 'POWER'; error
    @(230.3240 mm, 87.9760 mm): Track [I2S_RCLK] on F.Cu, length 1.6832 mm
    @(229.0625 mm, 88.3375 mm): Track [3V3] on F.Cu, length 1.1844 mm
[clearance]: Clearance violation (netclass 'POWER' clearance 0.1000 mm; actual 0.0655 mm)
    Rule: netclass 'POWER'; error
    @(194.3250 mm, 73.5750 mm): Pad 2 [3V3] of C39 on F.Cu
    @(192.6000 mm, 76.8793 mm): Track [I2C_SCL] on F.Cu, length 5.7691 mm
[shorting_items]: Items shorting two nets (nets SI_IO0 and I2S_BCLK)
    Local override; error
    @(227.4247 mm, 83.6254 mm): Track [SI_IO0] on F.Cu, length 1.1650 mm
    @(217.4048 mm, 74.8260 mm): Track [I2S_BCLK] on F.Cu, length 14.7050 mm
[tracks_crossing]: Tracks crossing
    Rule: netclass 'CODEC'; error
    @(219.8000 mm, 73.0000 mm): Track [I2S_RST] on F.Cu, length 0.2828 mm
    @(202.7000 mm, 72.8000 mm): Track [I2C_SCL] on F.Cu, length 20.8000 mm
[tracks_crossing]: Tracks crossing
    Rule: netclass 'GND'; error
    @(207.7625 mm, 90.5000 mm): Track [GND] on F.Cu, length 0.2325 mm
    @(189.7903 mm, 90.7000 mm): Track [RESET] on F.Cu, length 40.6097 mm
[tracks_crossing]: Tracks crossing
    Rule: netclass 'FLASH'; error
    @(217.4048 mm, 74.8260 mm): Track [I2S_BCLK] on F.Cu, length 14.7050 mm
    @(226.2597 mm, 83.6254 mm): Track [SI_IO0] on F.Cu, length 0.7975 mm
[tracks_crossing]: Tracks crossing
    Rule: netclass 'POWER'; error
    @(230.6997 mm, 77.6003 mm): Track [3V3] on F.Cu, length 0.6010 mm
    @(231.0800 mm, 77.5300 mm): Track [X1D18] on F.Cu, length 1.0324 mm
[tracks_crossing]: Tracks crossing
    Rule: netclass 'FLASH'; error
    @(210.3000 mm, 75.4000 mm): Track [SI_IO0] on F.Cu, length 1.4142 mm
    @(199.5204 mm, 75.1760 mm): Track [I2S_ADC_DATA] on F.Cu, length 10.9349 mm
[tracks_crossing]: Tracks crossing
    Rule: netclass 'JTAG'; error
    @(231.0000 mm, 75.9000 mm): Track [0V9] on F.Cu, length 3.5375 mm
    @(230.3500 mm, 76.8000 mm): Track [X1D18] on F.Cu, length 1.3000 mm
[tracks_crossing]: Tracks crossing
    Rule: netclass 'JTAG'; error
    @(170.4000 mm, 80.2000 mm): Track [GND] on F.Cu, length 1.8385 mm
    @(179.1786 mm, 72.3000 mm): Track [XL_DN0] on F.Cu, length 24.8887 mm
[tracks_crossing]: Tracks crossing
    Rule: netclass 'JTAG'; error
    @(233.4000 mm, 86.8000 mm): Track [xSYS2_TCK] on F.Cu, length 6.5054 mm
    @(232.5500 mm, 87.4500 mm): Track [xSYS2_TDI] on F.Cu, length 1.9000 mm
[tracks_crossing]: Tracks crossing
    Rule: netclass 'FLASH'; error
    @(226.5740 mm, 86.1260 mm): Track [SI_IO1] on F.Cu, length 17.7480 mm
    @(215.8500 mm, 83.9500 mm): Track [CS] on F.Cu, length 3.7477 mm
[tracks_crossing]: Tracks crossing
    Rule: netclass 'JTAG'; error
    @(208.1000 mm, 85.0000 mm): Track [xSYS2_TCK] on F.Cu, length 0.7000 mm
    @(208.8260 mm, 86.1260 mm): Track [SI_IO1] on F.Cu, length 2.2995 mm
[shorting_items]: Items shorting two nets (nets xSYS2_TMS and xSYS2_TDI)
    Local override; error
    @(222.4333 mm, 93.7000 mm): Track [xSYS2_TMS] on F.Cu, length 0.9333 mm
    @(221.8500 mm, 93.6500 mm): Track [xSYS2_TDI] on F.Cu, length 0.0707 mm
[tracks_crossing]: Tracks crossing
    Rule: netclass 'GND'; error
    @(219.2478 mm, 84.7000 mm): Track [WP_IO2] on F.Cu, length 0.5494 mm
    @(219.4375 mm, 85.3000 mm): Track [GND] on F.Cu, length 1.1844 mm
[tracks_crossing]: Tracks crossing
    Rule: netclass 'FLASH'; error
    @(219.8281 mm, 83.8000 mm): Track [X0D43] on F.Cu, length 5.3281 mm
    @(215.8500 mm, 79.3000 mm): Track [CS] on F.Cu, length 4.6500 mm
[clearance]: Clearance violation (netclass 'JTAG' clearance 0.1000 mm; actual 0.0250 mm)
    Rule: netclass 'JTAG'; error
    @(168.6000 mm, 92.9500 mm): Track [XL_DN1] on F.Cu, length 4.7339 mm
    @(164.4000 mm, 93.2500 mm): Via [xSYS2_TDI] on F.Cu - B.Cu
[shorting_items]: Items shorting two nets (nets XL_DN0 and 0V9)
    Local override; error
    @(231.7407 mm, 74.7407 mm): Track [XL_DN0] on F.Cu, length 2.0360 mm
    @(231.2000 mm, 73.8625 mm): Pad 1 [0V9] of C24 on F.Cu
[shorting_items]: Items shorting two nets (nets 0V9 and XL_DN0)
    Local override; error
    @(231.2000 mm, 73.8625 mm): Pad 1 [0V9] of C24 on F.Cu
    @(230.3010 mm, 73.3010 mm): Track [XL_DN0] on F.Cu, length 5.3328 mm
[tracks_crossing]: Tracks crossing
    Rule: netclass 'FLASH'; error
    @(215.8500 mm, 83.9500 mm): Track [CS] on F.Cu, length 3.7477 mm
    @(218.8593 mm, 85.0885 mm): Track [WP_IO2] on F.Cu, length 10.2708 mm
[shorting_items]: Items shorting two nets (nets SI_IO0 and xSYS2_TCK)
    Local override; error
    @(212.9000 mm, 83.4000 mm): Track [SI_IO0] on F.Cu, length 1.4646 mm
    @(212.4000 mm, 83.5000 mm): Track [xSYS2_TCK] on F.Cu, length 0.5657 mm
[tracks_crossing]: Tracks crossing
    Rule: netclass 'JTAG'; error
    @(156.0890 mm, 89.7135 mm): Track [XL_UP1] on F.Cu, length 2.3762 mm
    @(156.0890 mm, 92.0897 mm): Track [XL_DN0] on F.Cu, length 0.6100 mm
[tracks_crossing]: Tracks crossing
    Rule: netclass 'GND'; error
    @(218.3000 mm, 77.8832 mm): Track [I2S_ADC_DATA] on F.Cu, length 4.8322 mm
    @(219.4000 mm, 79.6000 mm): Track [GND] on F.Cu, length 1.5375 mm
[clearance]: Clearance violation (footprint U2 clearance 0.1000 mm; actual 0.0464 mm)
    Local override; error
    @(233.0500 mm, 84.0000 mm): Via [xSYS2_TDI] on F.Cu - B.Cu
    @(233.1000 mm, 84.5000 mm): Pad 14 [X1D11] of U2 on F.Cu
[shorting_items]: Items shorting two nets (nets xSYS2_TDI and X1D11)
    Local override; error
    @(233.0500 mm, 84.0000 mm): Track [xSYS2_TDI] on F.Cu, length 0.3500 mm
    @(233.1000 mm, 84.5000 mm): Pad 14 [X1D11] of U2 on F.Cu
[tracks_crossing]: Tracks crossing
    Rule: netclass 'FLASH'; error
    @(205.0490 mm, 83.4541 mm): Track [CS] on F.Cu, length 2.8131 mm
    @(204.5000 mm, 82.0240 mm): Track [HLD_RST_IO3] on F.Cu, length 7.5646 mm
[shorting_items]: Items shorting two nets (nets xSYS2_TDI and X1D11)
    Local override; error
    @(233.0500 mm, 84.3500 mm): Track [xSYS2_TDI] on F.Cu, length 0.5116 mm
    @(233.1000 mm, 84.5000 mm): Pad 14 [X1D11] of U2 on F.Cu
[shorting_items]: Items shorting two nets (nets xSYS2_TDI and unconnected-(U2A-XOUT-Pad15))
    Local override; error
    @(233.4117 mm, 84.7117 mm): Track [xSYS2_TDI] on F.Cu, length 0.0340 mm
    @(233.5000 mm, 84.5000 mm): Pad 15 [unconnected-(U2A-XOUT-Pad15)] of U2 on F.Cu
[tracks_crossing]: Tracks crossing
    Rule: netclass 'GND'; error
    @(220.9375 mm, 85.5000 mm): Track [GND] on F.Cu, length 2.9000 mm
    @(224.9064 mm, 83.4000 mm): Track [SI_IO0] on F.Cu, length 12.0064 mm
[shorting_items]: Items shorting two nets (nets xSYS2_TDI and unconnected-(U2A-XOUT-Pad15))
    Local override; error
    @(233.4357 mm, 84.7357 mm): Track [xSYS2_TDI] on F.Cu, length 0.0340 mm
    @(233.5000 mm, 84.5000 mm): Pad 15 [unconnected-(U2A-XOUT-Pad15)] of U2 on F.Cu
[shorting_items]: Items shorting two nets (nets SCLK and SI_IO0)
    Local override; error
    @(211.4500 mm, 82.6000 mm): Pad 2 [SCLK] of R7 on F.Cu
    @(211.4354 mm, 83.4000 mm): Track [SI_IO0] on F.Cu, length 1.6057 mm
[clearance]: Clearance violation (footprint U2 clearance 0.1000 mm; actual 0.0051 mm)
    Local override; error
    @(233.5000 mm, 84.5000 mm): Pad 15 [unconnected-(U2A-XOUT-Pad15)] of U2 on F.Cu
    @(233.4838 mm, 84.7838 mm): Track [xSYS2_TDI] on F.Cu, length 0.0340 mm
[tracks_crossing]: Tracks crossing
    Rule: netclass 'JTAG'; error
    @(163.7910 mm, 92.5210 mm): Track [RESET] on F.Cu, length 24.1783 mm
    @(164.4000 mm, 93.2500 mm): Track [xSYS2_TDI] on F.Cu, length 1.4000 mm
[clearance]: Clearance violation (netclass 'JTAG' clearance 0.1000 mm; actual 0.0500 mm)
    Rule: netclass 'JTAG'; error
    @(181.2500 mm, 72.4500 mm): Track [XL_DN1] on F.Cu, length 2.0506 mm
    @(223.9672 mm, 72.3000 mm): Track [XL_DN0] on F.Cu, length 44.7886 mm
[shorting_items]: Items shorting two nets (nets unconnected-(U2A-XOUT-Pad15) and xSYS2_TDI)
    Local override; error
    @(233.5000 mm, 84.5000 mm): Pad 15 [unconnected-(U2A-XOUT-Pad15)] of U2 on F.Cu
    @(233.4598 mm, 84.7598 mm): Track [xSYS2_TDI] on F.Cu, length 0.0340 mm
[shorting_items]: Items shorting two nets (nets 0V9 and XL_DN0)
    Local override; error
    @(232.3100 mm, 76.6600 mm): Track [0V9] on F.Cu, length 0.5500 mm
    @(231.7407 mm, 76.8701 mm): Track [XL_DN0] on F.Cu, length 2.1294 mm
[shorting_items]: Items shorting two nets (nets I2S_BCLK and CS)
    Local override; error
    @(228.3972 mm, 85.2240 mm): Track [I2S_BCLK] on F.Cu, length 2.1949 mm
    @(228.6995 mm, 84.8006 mm): Track [CS] on F.Cu, length 0.9892 mm
[tracks_crossing]: Tracks crossing
    Rule: netclass 'JTAG'; error
    @(227.3000 mm, 89.1000 mm): Track [xSYS2_TDO] on F.Cu, length 0.8485 mm
    @(226.3115 mm, 89.4885 mm): Track [I2S_DAC_DATA] on F.Cu, length 1.5394 mm
[clearance]: Clearance violation (netclass 'JTAG' clearance 0.1000 mm; actual 0.0500 mm)
    Rule: netclass 'JTAG'; error
    @(192.9000 mm, 72.4500 mm): Track [XL_DN1] on F.Cu, length 11.6500 mm
    @(223.9672 mm, 72.3000 mm): Track [XL_DN0] on F.Cu, length 44.7886 mm
[tracks_crossing]: Tracks crossing
    Rule: netclass 'POWER'; error
    @(229.9492 mm, 86.7760 mm): Track [I2S_BCLK] on F.Cu, length 2.5748 mm
    @(229.9000 mm, 87.5000 mm): Track [3V3] on F.Cu, length 1.0607 mm
[tracks_crossing]: Tracks crossing
    Rule: netclass 'POWER'; error
    @(229.4596 mm, 86.3000 mm): Track [I2S_DAC_DATA] on F.Cu, length 1.6404 mm
    @(230.6500 mm, 86.7500 mm): Track [3V3] on F.Cu, length 1.0000 mm
[shorting_items]: Items shorting two nets (nets xSYS2_TCK and xSYS2_TDO)
    Local override; error
    @(235.0000 mm, 81.7000 mm): Track [xSYS2_TCK] on F.Cu, length 2.2627 mm
    @(234.7000 mm, 82.1000 mm): Track [xSYS2_TDO] on F.Cu, length 0.4000 mm
[tracks_crossing]: Tracks crossing
    Rule: netclass 'CORE'; error
    @(228.1406 mm, 83.2593 mm): Track [0V9] on F.Cu, length 3.3102 mm
    @(217.4048 mm, 74.8260 mm): Track [I2S_BCLK] on F.Cu, length 14.7050 mm
[tracks_crossing]: Tracks crossing
    Rule: netclass 'JTAG'; error
    @(192.5000 mm, 90.7000 mm): Track [xSYS2_TDO] on F.Cu, length 1.2000 mm
    @(189.7903 mm, 90.7000 mm): Track [RESET] on F.Cu, length 40.6097 mm
[tracks_crossing]: Tracks crossing
    Rule: netclass 'JTAG'; error
    @(223.9672 mm, 72.3000 mm): Track [XL_DN0] on F.Cu, length 44.7886 mm
    @(196.2000 mm, 72.6500 mm): Track [X1D18] on F.Cu, length 0.4950 mm
[tracks_crossing]: Tracks crossing
    Rule: netclass 'JTAG'; error
    @(225.4500 mm, 73.7500 mm): Track [X1D18] on F.Cu, length 1.2728 mm
    @(230.3010 mm, 73.3010 mm): Track [XL_DN0] on F.Cu, length 5.3328 mm
[tracks_crossing]: Tracks crossing
    Rule: netclass 'CODEC'; error
    @(220.2000 mm, 73.9000 mm): Track [I2C_SDA] on F.Cu, length 5.7278 mm
    @(219.8950 mm, 74.4000 mm): Track [I2S_MCLK] on F.Cu, length 4.3050 mm
[tracks_crossing]: Tracks crossing
    Rule: netclass 'JTAG'; error
    @(196.2000 mm, 73.5000 mm): Track [X1D18] on F.Cu, length 0.8500 mm
    @(192.6000 mm, 76.8793 mm): Track [I2C_SCL] on F.Cu, length 5.7691 mm
[tracks_crossing]: Tracks crossing
    Rule: netclass 'JTAG'; error
    @(224.9682 mm, 73.3010 mm): Track [XL_DN0] on F.Cu, length 1.4156 mm
    @(196.5500 mm, 72.3000 mm): Track [X1D18] on F.Cu, length 27.7500 mm
[shorting_items]: Items shorting two nets (nets XL_DN0 and Net-(J3_IN1-RING))
    Local override; error
    @(179.1786 mm, 72.3000 mm): Track [XL_DN0] on F.Cu, length 24.8887 mm
    @(173.8375 mm, 78.9000 mm): Pad 1 [Net-(J3_IN1-RING)] of C50 on F.Cu
[tracks_crossing]: Tracks crossing
    Rule: netclass 'POWER'; error
    @(168.2200 mm, 90.6000 mm): Track [1V8] on F.Cu, length 7.3539 mm
    @(167.9500 mm, 89.0000 mm): Track [XL_DN1] on F.Cu, length 2.2627 mm
[clearance]: Clearance violation (footprint U2 clearance 0.1000 mm; actual 0.0643 mm)
    Local override; error
    @(233.2587 mm, 81.2251 mm): Track [0V9] on F.Cu, length 3.8838 mm
    @(233.5000 mm, 77.9502 mm): Pad 31 [1V8] of U2 on F.Cu
[shorting_items]: Items shorting two nets (nets xSYS2_TCK and xSYS2_TDO)
    Local override; error
    @(235.0000 mm, 81.7000 mm): Track [xSYS2_TCK] on F.Cu, length 2.2627 mm
    @(234.4000 mm, 82.4000 mm): Track [xSYS2_TDO] on F.Cu, length 0.4243 mm
[shorting_items]: Items shorting two nets (nets XL_UP1 and XL_DN0)
    Local override; error
    @(156.0890 mm, 89.7135 mm): Track [XL_UP1] on F.Cu, length 2.3762 mm
    @(156.0890 mm, 90.3096 mm): Track [XL_DN0] on F.Cu, length 1.7800 mm
[tracks_crossing]: Tracks crossing
    Rule: netclass 'JTAG'; error
    @(156.0890 mm, 89.7135 mm): Track [XL_UP1] on F.Cu, length 2.3762 mm
    @(156.4996 mm, 89.8990 mm): Track [XL_DN0] on F.Cu, length 0.5807 mm
[tracks_crossing]: Tracks crossing
    Rule: netclass 'CORE'; error
    @(228.2158 mm, 83.7841 mm): Track [0V9] on F.Cu, length 2.7094 mm
    @(217.4048 mm, 74.8260 mm): Track [I2S_BCLK] on F.Cu, length 14.7050 mm
[shorting_items]: Items shorting two nets (nets xSYS2_TDO and xSYS2_TCK)
    Local override; error
    @(230.8000 mm, 89.9000 mm): Track [xSYS2_TDO] on F.Cu, length 0.4000 mm
    @(233.4000 mm, 86.8000 mm): Track [xSYS2_TCK] on F.Cu, length 6.5054 mm
[tracks_crossing]: Tracks crossing
    Rule: netclass 'JTAG'; error
    @(156.5203 mm, 92.5210 mm): Track [XL_DN0] on F.Cu, length 3.4287 mm
    @(157.4090 mm, 92.5210 mm): Track [XL_UP1] on F.Cu, length 0.9207 mm
[shorting_items]: Items shorting two nets (nets CS and HLD_RST_IO3)
    Local override; error
    @(228.0000 mm, 85.7000 mm): Track [CS] on F.Cu, length 1.2728 mm
    @(227.5990 mm, 86.2010 mm): Track [HLD_RST_IO3] on F.Cu, length 1.1300 mm
[clearance]: Clearance violation (netclass 'JTAG' clearance 0.1000 mm; actual 0.0333 mm)
    Rule: netclass 'JTAG'; error
    @(192.6500 mm, 90.5500 mm): Track [xSYS2_TDO] on F.Cu, length 0.0236 mm
    @(189.7903 mm, 90.7000 mm): Track [RESET] on F.Cu, length 40.6097 mm
[tracks_crossing]: Tracks crossing
    Rule: netclass 'JTAG'; error
    @(207.3000 mm, 85.1000 mm): Track [xSYS2_TCK] on F.Cu, length 0.6000 mm
    @(208.5000 mm, 86.6000 mm): Track [CS] on F.Cu, length 2.8284 mm
[tracks_crossing]: Tracks crossing
    Rule: netclass 'FLASH'; error
    @(226.5740 mm, 86.1260 mm): Track [SI_IO1] on F.Cu, length 17.7480 mm
    @(226.3000 mm, 85.7000 mm): Track [0V9] on F.Cu, length 1.7000 mm
[tracks_crossing]: Tracks crossing
    Rule: netclass 'JTAG'; error
    @(218.4000 mm, 87.1000 mm): Track [xSYS2_TCK] on F.Cu, length 4.5255 mm
    @(223.0000 mm, 86.6000 mm): Track [CS] on F.Cu, length 14.5000 mm
[tracks_crossing]: Tracks crossing
    Rule: netclass 'JTAG'; error
    @(228.0000 mm, 90.0000 mm): Track [xSYS2_TDO] on F.Cu, length 0.9899 mm
    @(228.1000 mm, 88.5000 mm): Track [xSYS2_TMS] on F.Cu, length 7.3539 mm
[shorting_items]: Items shorting two nets (nets HLD_RST_IO3 and CS)
    Local override; error
    @(227.5990 mm, 86.2010 mm): Track [HLD_RST_IO3] on F.Cu, length 1.1300 mm
    @(227.1000 mm, 86.6000 mm): Track [CS] on F.Cu, length 4.1000 mm
[shorting_items]: Items shorting two nets (nets 3V3 and 0V9)
    Local override; error
    @(231.7743 mm, 76.6257 mm): Track [3V3] on F.Cu, length 2.2991 mm
    @(232.3100 mm, 76.6600 mm): Track [0V9] on F.Cu, length 0.5500 mm
[shorting_items]: Items shorting two nets (nets 3V3 and 0V9)
    Local override; error
    @(231.7743 mm, 76.6257 mm): Track [3V3] on F.Cu, length 2.2991 mm
    @(231.7600 mm, 76.6600 mm): Track [0V9] on F.Cu, length 1.0748 mm
[tracks_crossing]: Tracks crossing
    Rule: netclass 'JTAG'; error
    @(227.3000 mm, 89.3000 mm): Track [xSYS2_TDO] on F.Cu, length 0.2000 mm
    @(228.1000 mm, 88.5000 mm): Track [xSYS2_TMS] on F.Cu, length 7.3539 mm
[shorting_items]: Items shorting two nets (nets 3V3 and 0V9)
    Local override; error
    @(231.1247 mm, 76.6257 mm): Track [3V3] on F.Cu, length 0.6496 mm
    @(232.3100 mm, 76.6600 mm): Track [0V9] on F.Cu, length 0.5500 mm
[tracks_crossing]: Tracks crossing
    Rule: netclass 'POWER'; error
    @(231.7743 mm, 76.6257 mm): Track [3V3] on F.Cu, length 2.2991 mm
    @(232.8000 mm, 77.3500 mm): Track [XL_DN1] on F.Cu, length 3.6500 mm
[tracks_crossing]: Tracks crossing
    Rule: netclass 'POWER'; error
    @(230.6997 mm, 77.6003 mm): Track [3V3] on F.Cu, length 0.6010 mm
    @(230.6997 mm, 78.6660 mm): Track [0V9] on F.Cu, length 2.9657 mm
[shorting_items]: Items shorting two nets (nets I2C_SDA and I2S_RST)
    Local override; error
    @(199.9553 mm, 74.1260 mm): Track [I2C_SDA] on F.Cu, length 19.7187 mm
    @(201.4000 mm, 74.0708 mm): Track [I2S_RST] on F.Cu, length 0.0167 mm
[tracks_crossing]: Tracks crossing
    Rule: netclass 'CODEC'; error
    @(193.5000 mm, 80.2543 mm): Track [I2S_BCLK] on F.Cu, length 2.4381 mm
    @(193.4500 mm, 79.7500 mm): Track [I2S_ADC_DATA] on F.Cu, length 0.9192 mm
[tracks_crossing]: Tracks crossing
    Rule: netclass 'JTAG'; error
    @(231.0800 mm, 77.5300 mm): Track [X1D18] on F.Cu, length 1.0324 mm
    @(230.6997 mm, 78.6660 mm): Track [0V9] on F.Cu, length 2.9657 mm
[tracks_crossing]: Tracks crossing
    Rule: netclass 'CODEC'; error
    @(217.4048 mm, 74.8260 mm): Track [I2S_BCLK] on F.Cu, length 14.7050 mm
    @(222.9749 mm, 81.2251 mm): Track [I2S_ADC_DATA] on F.Cu, length 4.4498 mm
[shorting_items]: Items shorting two nets (nets I2C_SDA and 3V3)
    Local override; error
    @(199.4293 mm, 73.6000 mm): Track [I2C_SDA] on F.Cu, length 0.7439 mm
    @(200.2250 mm, 73.4750 mm): Pad 2 [3V3] of R19 on F.Cu
[clearance]: Clearance violation (netclass 'POWER' clearance 0.1000 mm; actual 0.0957 mm)
    Rule: netclass 'POWER'; error
    @(198.4000 mm, 73.6000 mm): Track [I2C_SDA] on F.Cu, length 1.0293 mm
    @(200.2250 mm, 73.4750 mm): Pad 2 [3V3] of R19 on F.Cu
[shorting_items]: Items shorting two nets (nets I2S_MCLK and I2S_ADC_DATA)
    Local override; error
    @(193.0000 mm, 81.7000 mm): Track [I2S_MCLK] on F.Cu, length 1.9207 mm
    @(190.5000 mm, 79.7500 mm): Track [I2S_ADC_DATA] on F.Cu, length 2.9500 mm
[clearance]: Clearance violation (netclass 'CODEC' clearance 0.1000 mm; actual 0.0986 mm)
    Rule: netclass 'CODEC'; error
    @(219.8768 mm, 74.3768 mm): Track [I2S_RST] on F.Cu, length 0.1250 mm
    @(219.6740 mm, 74.1260 mm): Track [I2C_SDA] on F.Cu, length 0.7439 mm
[tracks_crossing]: Tracks crossing
    Rule: netclass 'JTAG'; error
    @(168.6000 mm, 92.9500 mm): Track [XL_DN1] on F.Cu, length 4.7339 mm
    @(164.4000 mm, 93.2500 mm): Track [xSYS2_TDI] on F.Cu, length 1.4000 mm
[tracks_crossing]: Tracks crossing
    Rule: netclass 'JTAG'; error
    @(224.4500 mm, 72.7500 mm): Track [X1D18] on F.Cu, length 0.0500 mm
    @(224.9682 mm, 73.3010 mm): Track [XL_DN0] on F.Cu, length 1.4156 mm
[tracks_crossing]: Tracks crossing
    Rule: netclass 'JTAG'; error
    @(233.6500 mm, 83.3000 mm): Track [xSYS2_TDI] on F.Cu, length 0.5000 mm
    @(233.4000 mm, 83.3000 mm): Track [xSYS2_TCK] on F.Cu, length 3.5000 mm
[tracks_crossing]: Tracks crossing
    Rule: netclass 'JTAG'; error
    @(192.6333 mm, 90.5667 mm): Track [xSYS2_TDO] on F.Cu, length 0.1886 mm
    @(189.7903 mm, 90.7000 mm): Track [RESET] on F.Cu, length 40.6097 mm
[tracks_crossing]: Tracks crossing
    Rule: netclass 'CODEC'; error
    @(197.1250 mm, 75.3750 mm): Track [I2S_RST] on F.Cu, length 1.9000 mm
    @(193.0000 mm, 79.0000 mm): Track [I2C_SDA] on F.Cu, length 7.6368 mm
[tracks_crossing]: Tracks crossing
    Rule: netclass 'JTAG'; error
    @(169.5500 mm, 90.6000 mm): Track [XL_DN1] on F.Cu, length 1.4000 mm
    @(170.6639 mm, 91.9000 mm): Track [xSYS2_TMS] on F.Cu, length 2.4639 mm
[clearance]: Clearance violation (netclass 'CODEC' clearance 0.1000 mm; actual 0.0975 mm)
    Rule: netclass 'CODEC'; error
    @(197.1250 mm, 75.3750 mm): Track [I2S_RST] on F.Cu, length 1.9000 mm
    @(195.6803 mm, 77.0990 mm): Track [I2S_MCLK] on F.Cu, length 3.8170 mm
[shorting_items]: Items shorting two nets (nets xSYS2_TCK and GND)
    Local override; error
    @(228.8000 mm, 91.4000 mm): Track [xSYS2_TCK] on F.Cu, length 3.2000 mm
    @(228.7000 mm, 91.9625 mm): Pad 2 [GND] of C18 on F.Cu
[clearance]: Clearance violation (netclass 'CODEC' clearance 0.1000 mm; actual 0.0968 mm)
    Rule: netclass 'CODEC'; error
    @(194.5750 mm, 80.5968 mm): Track [I2S_RST] on F.Cu, length 0.3935 mm
    @(194.1000 mm, 80.4000 mm): Track [I2S_ADC_DATA] on F.Cu, length 2.0846 mm
[shorting_items]: Items shorting two nets (nets XL_DN1 and xSYS2_TMS)
    Local override; error
    @(169.5500 mm, 92.0000 mm): Track [XL_DN1] on F.Cu, length 1.3435 mm
    @(170.6639 mm, 91.9000 mm): Track [xSYS2_TMS] on F.Cu, length 2.4639 mm
[clearance]: Clearance violation (netclass 'CODEC' clearance 0.1000 mm; actual 0.0975 mm)
    Rule: netclass 'CODEC'; error
    @(197.3000 mm, 75.2000 mm): Track [I2S_RST] on F.Cu, length 0.2828 mm
    @(195.6803 mm, 77.0990 mm): Track [I2S_MCLK] on F.Cu, length 3.8170 mm
[tracks_crossing]: Tracks crossing
    Rule: netclass 'POWER'; error
    @(235.1750 mm, 83.1750 mm): Track [0V9] on F.Cu, length 5.1875 mm
    @(234.7000 mm, 83.7000 mm): Track [1V8] on F.Cu, length 1.1000 mm
[tracks_crossing]: Tracks crossing
    Rule: netclass 'CORE'; error
    @(225.9000 mm, 82.6000 mm): Track [0V9] on F.Cu, length 1.8375 mm
    @(217.4048 mm, 74.8260 mm): Track [I2S_BCLK] on F.Cu, length 14.7050 mm
[tracks_crossing]: Tracks crossing
    Rule: netclass 'CORE'; error
    @(228.4750 mm, 85.8250 mm): Track [0V9] on F.Cu, length 0.8839 mm
    @(228.3972 mm, 85.2240 mm): Track [I2S_BCLK] on F.Cu, length 2.1949 mm
[tracks_crossing]: Tracks crossing
    Rule: netclass 'CODEC'; error
    @(219.9652 mm, 74.4652 mm): Track [I2S_RST] on F.Cu, length 0.1250 mm
    @(219.8950 mm, 74.4000 mm): Track [I2S_MCLK] on F.Cu, length 4.3050 mm
[tracks_crossing]: Tracks crossing
    Rule: netclass 'CODEC'; error
    @(193.0000 mm, 81.7000 mm): Track [I2S_MCLK] on F.Cu, length 1.9207 mm
    @(190.5000 mm, 81.0500 mm): Track [I2S_BCLK] on F.Cu, length 2.9500 mm
[clearance]: Clearance violation (netclass 'GND' clearance 0.1000 mm; actual 0.0202 mm)
    Rule: netclass 'GND'; error
    @(195.5740 mm, 78.1803 mm): Track [I2S_ADC_DATA] on F.Cu, length 0.5393 mm
    @(196.2250 mm, 78.4500 mm): Pad 28 [GND] of U9 on F.Cu
[tracks_crossing]: Tracks crossing
    Rule: netclass 'JTAG'; error
    @(193.7000 mm, 74.9000 mm): Track [X1D18] on F.Cu, length 1.1000 mm
    @(192.6000 mm, 76.8793 mm): Track [I2C_SCL] on F.Cu, length 5.7691 mm
[clearance]: Clearance violation (netclass 'CODEC' clearance 0.1000 mm; actual 0.0975 mm)
    Rule: netclass 'CODEC'; error
    @(194.2000 mm, 78.3000 mm): Track [I2S_RST] on F.Cu, length 4.1366 mm
    @(195.6803 mm, 77.0990 mm): Track [I2S_MCLK] on F.Cu, length 3.8170 mm
[clearance]: Clearance violation (netclass 'JTAG' clearance 0.1000 mm; actual 0.0240 mm)
    Rule: netclass 'JTAG'; error
    @(235.0000 mm, 81.2000 mm): Track [xSYS2_TCK] on F.Cu, length 0.5000 mm
    @(236.2240 mm, 81.8240 mm): Track [RESET] on F.Cu, length 1.7195 mm
[shorting_items]: Items shorting two nets (nets X1D18 and XL_DN0)
    Local override; error
    @(224.4000 mm, 72.7000 mm): Track [X1D18] on F.Cu, length 0.0707 mm
    @(224.9682 mm, 73.3010 mm): Track [XL_DN0] on F.Cu, length 1.4156 mm
[tracks_crossing]: Tracks crossing
    Rule: netclass 'CODEC'; error
    @(194.2000 mm, 79.8282 mm): Track [I2S_RST] on F.Cu, length 1.5282 mm
    @(193.5000 mm, 80.2543 mm): Track [I2S_BCLK] on F.Cu, length 2.4381 mm
[shorting_items]: Items shorting two nets (nets xSYS2_TDO and RESET)
    Local override; error
    @(191.4000 mm, 91.3000 mm): Track [xSYS2_TDO] on F.Cu, length 0.5000 mm
    @(189.7903 mm, 90.7000 mm): Track [RESET] on F.Cu, length 40.6097 mm
[tracks_crossing]: Tracks crossing
    Rule: netclass 'POWER'; error
    @(234.2000 mm, 76.4000 mm): Track [0V9] on F.Cu, length 1.4375 mm
    @(235.0115 mm, 77.0885 mm): Track [1V8] on F.Cu, length 1.2000 mm
[tracks_crossing]: Tracks crossing
    Rule: netclass 'JTAG'; error
    @(163.2000 mm, 88.0000 mm): Track [X1D18] on F.Cu, length 0.2828 mm
    @(179.1786 mm, 72.3000 mm): Track [XL_DN0] on F.Cu, length 24.8887 mm
[clearance]: Clearance violation (netclass 'CODEC' clearance 0.1000 mm; actual 0.0536 mm)
    Rule: netclass 'CODEC'; error
    @(223.5464 mm, 78.0464 mm): Track [I2S_RST] on F.Cu, length 4.9397 mm
    @(219.8950 mm, 74.4000 mm): Track [I2S_MCLK] on F.Cu, length 4.3050 mm
[clearance]: Clearance violation (netclass 'JTAG' clearance 0.1000 mm; actual 0.0768 mm)
    Rule: netclass 'JTAG'; error
    @(235.0000 mm, 81.7000 mm): Track [xSYS2_TCK] on F.Cu, length 2.2627 mm
    @(233.7000 mm, 83.2500 mm): Track [xSYS2_TDI] on F.Cu, length 0.0707 mm
[shorting_items]: Items shorting two nets (nets I2C_SDA and I2S_RST)
    Local override; error
    @(199.9553 mm, 74.1260 mm): Track [I2C_SDA] on F.Cu, length 19.7187 mm
    @(201.4000 mm, 74.0875 mm): Track [I2S_RST] on F.Cu, length 0.0125 mm
[tracks_crossing]: Tracks crossing
    Rule: netclass 'JTAG'; error
    @(233.4000 mm, 86.8000 mm): Track [xSYS2_TCK] on F.Cu, length 6.5054 mm
    @(189.7903 mm, 90.7000 mm): Track [RESET] on F.Cu, length 40.6097 mm
[tracks_crossing]: Tracks crossing
    Rule: netclass 'CODEC'; error
    @(194.5750 mm, 80.2032 mm): Track [I2S_RST] on F.Cu, length 0.5303 mm
    @(194.1000 mm, 80.4000 mm): Track [I2S_ADC_DATA] on F.Cu, length 2.0846 mm
[tracks_crossing]: Tracks crossing
    Rule: netclass 'JTAG'; error
    @(167.9500 mm, 87.8500 mm): Track [XL_DN1] on F.Cu, length 0.7000 mm
    @(163.4000 mm, 88.2000 mm): Track [X1D18] on F.Cu, length 20.7000 mm
[clearance]: Clearance violation (netclass 'CODEC' clearance 0.1000 mm; actual 0.0260 mm)
    Rule: netclass 'CODEC'; error
    @(199.9553 mm, 74.1260 mm): Track [I2C_SDA] on F.Cu, length 19.7187 mm
    @(201.9000 mm, 73.5000 mm): Track [I2S_RST] on F.Cu, length 0.7071 mm
[tracks_crossing]: Tracks crossing
    Rule: netclass 'CORE'; error
    @(225.7625 mm, 88.7093 mm): Track [0V9] on F.Cu, length 3.8361 mm
    @(228.5408 mm, 87.8760 mm): Track [I2S_RCLK] on F.Cu, length 2.4380 mm
[shorting_items]: Items shorting two nets (nets xSYS2_TCK and 0V9)
    Local override; error
    @(225.6000 mm, 91.4000 mm): Track [xSYS2_TCK] on F.Cu, length 1.5556 mm
    @(225.7625 mm, 90.9000 mm): Pad 1 [0V9] of C12 on F.Cu
[clearance]: Clearance violation (netclass 'CODEC' clearance 0.1000 mm; actual 0.0990 mm)
    Rule: netclass 'CODEC'; error
    @(200.9000 mm, 74.6000 mm): Track [I2S_RST] on F.Cu, length 1.7253 mm
    @(199.6384 mm, 74.7990 mm): Track [I2S_BCLK] on F.Cu, length 0.0382 mm
[shorting_items]: Items shorting two nets (nets X1D18 and XL_DN0)
    Local override; error
    @(224.5000 mm, 72.8500 mm): Track [X1D18] on F.Cu, length 0.0500 mm
    @(224.9682 mm, 73.3010 mm): Track [XL_DN0] on F.Cu, length 1.4156 mm
[shorting_items]: Items shorting two nets (nets I2S_RST and I2S_MCLK)
    Local override; error
    @(219.8768 mm, 74.3768 mm): Track [I2S_RST] on F.Cu, length 0.1250 mm
    @(219.8950 mm, 74.4000 mm): Track [I2S_MCLK] on F.Cu, length 4.3050 mm
[shorting_items]: Items shorting two nets (nets xSYS2_TCK and 0V9)
    Local override; error
    @(235.0000 mm, 81.7000 mm): Track [xSYS2_TCK] on F.Cu, length 2.2627 mm
    @(233.9747 mm, 82.8253 mm): Track [0V9] on F.Cu, length 0.8000 mm
[tracks_crossing]: Tracks crossing
    Rule: netclass 'JTAG'; error
    @(235.0000 mm, 81.7000 mm): Track [xSYS2_TCK] on F.Cu, length 2.2627 mm
    @(234.0000 mm, 82.4000 mm): Track [xSYS2_TDO] on F.Cu, length 0.4000 mm
[shorting_items]: Items shorting two nets (nets I2S_ADC_DATA and GND)
    Local override; error
    @(194.1000 mm, 80.4000 mm): Track [I2S_ADC_DATA] on F.Cu, length 2.0846 mm
    @(196.2250 mm, 79.1000 mm): Pad 27 [GND] of U9 on F.Cu
[shorting_items]: Items shorting two nets (nets GND and I2S_ADC_DATA)
    Local override; error
    @(220.9375 mm, 79.6000 mm): Pad 2 [GND] of C19 on F.Cu
    @(218.3000 mm, 77.8832 mm): Track [I2S_ADC_DATA] on F.Cu, length 4.8322 mm
[shorting_items]: Items shorting two nets (nets RESET and xSYS2_TDO)
    Local override; error
    @(189.7903 mm, 90.7000 mm): Track [RESET] on F.Cu, length 40.6097 mm
    @(196.9000 mm, 90.6000 mm): Track [xSYS2_TDO] on F.Cu, length 0.4000 mm
[shorting_items]: Items shorting two nets (nets 0V9 and XL_DN0)
    Local override; error
    @(231.1000 mm, 73.9625 mm): Track [0V9] on F.Cu, length 0.1414 mm
    @(231.7407 mm, 74.7407 mm): Track [XL_DN0] on F.Cu, length 2.0360 mm
[clearance]: Clearance violation (netclass 'CODEC' clearance 0.1000 mm; actual 0.0990 mm)
    Rule: netclass 'CODEC'; error
    @(198.9997 mm, 74.7990 mm): Track [I2S_BCLK] on F.Cu, length 0.6387 mm
    @(200.9000 mm, 74.6000 mm): Track [I2S_RST] on F.Cu, length 1.7253 mm
[tracks_crossing]: Tracks crossing
    Rule: netclass 'CODEC'; error
    @(228.3972 mm, 85.2240 mm): Track [I2S_BCLK] on F.Cu, length 2.1949 mm
    @(229.4596 mm, 86.3000 mm): Track [I2S_DAC_DATA] on F.Cu, length 1.6404 mm
[tracks_crossing]: Tracks crossing
    Rule: netclass 'JTAG'; error
    @(223.9672 mm, 72.3000 mm): Track [XL_DN0] on F.Cu, length 44.7886 mm
    @(193.4000 mm, 71.9500 mm): Track [XL_DN1] on F.Cu, length 0.7071 mm
[shorting_items]: Items shorting two nets (nets I2C_SDA and I2S_RST)
    Local override; error
    @(199.9553 mm, 74.1260 mm): Track [I2C_SDA] on F.Cu, length 19.7187 mm
    @(201.4000 mm, 74.0000 mm): Track [I2S_RST] on F.Cu, length 0.0708 mm
[shorting_items]: Items shorting two nets (nets 1V8 and 0V9)
    Local override; error
    @(235.5000 mm, 80.1000 mm): Track [1V8] on F.Cu, length 0.2828 mm
    @(237.0000 mm, 79.8000 mm): Track [0V9] on F.Cu, length 1.9498 mm
[tracks_crossing]: Tracks crossing
    Rule: netclass 'JTAG'; error
    @(189.7903 mm, 90.7000 mm): Track [RESET] on F.Cu, length 40.6097 mm
    @(191.4000 mm, 90.8000 mm): Track [xSYS2_TDO] on F.Cu, length 0.4243 mm
[tracks_crossing]: Tracks crossing
    Rule: netclass 'CODEC'; error
    @(199.9553 mm, 74.1260 mm): Track [I2C_SDA] on F.Cu, length 19.7187 mm
    @(201.4000 mm, 74.1000 mm): Track [I2S_RST] on F.Cu, length 0.7071 mm
[shorting_items]: Items shorting two nets (nets RESET and xSYS2_TDO)
    Local override; error
    @(189.7903 mm, 90.7000 mm): Track [RESET] on F.Cu, length 40.6097 mm
    @(197.2000 mm, 90.3000 mm): Track [xSYS2_TDO] on F.Cu, length 0.4243 mm
[clearance]: Clearance violation (netclass 'GND' clearance 0.1000 mm; actual 0.0740 mm)
    Rule: netclass 'GND'; error
    @(207.3950 mm, 77.3000 mm): Pad 9 [GND] of U1 on F.Cu
    @(199.5204 mm, 75.1760 mm): Track [I2S_ADC_DATA] on F.Cu, length 10.9349 mm
[shorting_items]: Items shorting two nets (nets X1D18 and XL_DN0)
    Local override; error
    @(224.5000 mm, 72.9000 mm): Track [X1D18] on F.Cu, length 0.0707 mm
    @(224.9682 mm, 73.3010 mm): Track [XL_DN0] on F.Cu, length 1.4156 mm
[shorting_items]: Items shorting two nets (nets GND and I2S_ADC_DATA)
    Local override; error
    @(196.2250 mm, 79.1000 mm): Pad 27 [GND] of U9 on F.Cu
    @(195.5740 mm, 78.9260 mm): Track [I2S_ADC_DATA] on F.Cu, length 0.7457 mm
[clearance]: Clearance violation (netclass 'JTAG' clearance 0.1000 mm; actual 0.0667 mm)
    Rule: netclass 'JTAG'; error
    @(189.7903 mm, 90.7000 mm): Track [RESET] on F.Cu, length 40.6097 mm
    @(192.6833 mm, 90.5167 mm): Track [xSYS2_TDO] on F.Cu, length 0.0236 mm
[shorting_items]: Items shorting two nets (nets I2S_RST and I2S_MCLK)
    Local override; error
    @(220.0536 mm, 74.5536 mm): Track [I2S_RST] on F.Cu, length 0.1250 mm
    @(219.8950 mm, 74.4000 mm): Track [I2S_MCLK] on F.Cu, length 4.3050 mm
[shorting_items]: Items shorting two nets (nets X1D18 and XL_DN0)
    Local override; error
    @(224.4500 mm, 72.8000 mm): Track [X1D18] on F.Cu, length 0.0707 mm
    @(224.9682 mm, 73.3010 mm): Track [XL_DN0] on F.Cu, length 1.4156 mm
[shorting_items]: Items shorting two nets (nets HLD_RST_IO3 and I2S_ADC_DATA)
    Local override; error
    @(212.0000 mm, 75.8000 mm): Pad 1 [HLD_RST_IO3] of R30 on F.Cu
    @(211.8793 mm, 76.6000 mm): Track [I2S_ADC_DATA] on F.Cu, length 6.4207 mm
[shorting_items]: Items shorting two nets (nets I2S_RCLK and I2S_BCLK)
    Local override; error
    @(231.5750 mm, 86.7250 mm): Track [I2S_RCLK] on F.Cu, length 1.3450 mm
    @(229.9492 mm, 86.7760 mm): Track [I2S_BCLK] on F.Cu, length 2.5748 mm
[clearance]: Clearance violation (netclass 'JTAG' clearance 0.1000 mm; actual 0.0970 mm)
    Rule: netclass 'JTAG'; error
    @(161.6500 mm, 88.0000 mm): Track [X1D18] on F.Cu, length 1.5500 mm
    @(179.1786 mm, 72.3000 mm): Track [XL_DN0] on F.Cu, length 24.8887 mm
[clearance]: Clearance violation (netclass 'JTAG' clearance 0.1000 mm; actual 0.0833 mm)
    Rule: netclass 'JTAG'; error
    @(189.7903 mm, 90.7000 mm): Track [RESET] on F.Cu, length 40.6097 mm
    @(192.7000 mm, 90.5000 mm): Track [xSYS2_TDO] on F.Cu, length 0.0236 mm
[tracks_crossing]: Tracks crossing
    Rule: netclass 'CODEC'; error
    @(195.6803 mm, 77.0990 mm): Track [I2S_MCLK] on F.Cu, length 3.8170 mm
    @(199.1747 mm, 74.6000 mm): Track [I2S_RST] on F.Cu, length 1.3747 mm
[shorting_items]: Items shorting two nets (nets RESET and xSYS2_TDO)
    Local override; error
    @(189.7903 mm, 90.7000 mm): Track [RESET] on F.Cu, length 40.6097 mm
    @(196.5000 mm, 90.6000 mm): Track [xSYS2_TDO] on F.Cu, length 0.1414 mm
[tracks_crossing]: Tracks crossing
    Rule: netclass 'JTAG'; error
    @(233.4000 mm, 86.8000 mm): Track [xSYS2_TCK] on F.Cu, length 6.5054 mm
    @(230.4000 mm, 89.9000 mm): Track [xSYS2_TDO] on F.Cu, length 0.2828 mm
[shorting_items]: Items shorting two nets (nets HLD_RST_IO3 and I2S_ADC_DATA)
    Local override; error
    @(212.0000 mm, 75.8000 mm): Pad 1 [HLD_RST_IO3] of R30 on F.Cu
    @(210.4553 mm, 75.1760 mm): Track [I2S_ADC_DATA] on F.Cu, length 2.0138 mm
[clearance]: Clearance violation (netclass 'JTAG' clearance 0.1000 mm; actual 0.0500 mm)
    Rule: netclass 'JTAG'; error
    @(189.7903 mm, 90.7000 mm): Track [RESET] on F.Cu, length 40.6097 mm
    @(192.6667 mm, 90.5333 mm): Track [xSYS2_TDO] on F.Cu, length 0.0236 mm
[tracks_crossing]: Tracks crossing
    Rule: netclass 'CODEC'; error
    @(217.4048 mm, 74.8260 mm): Track [I2S_BCLK] on F.Cu, length 14.7050 mm
    @(221.7250 mm, 80.3751 mm): Track [X0D43] on F.Cu, length 3.8750 mm
[clearance]: Clearance violation (netclass 'CODEC' clearance 0.1000 mm; actual 0.0975 mm)
    Rule: netclass 'CODEC'; error
    @(195.6803 mm, 77.0990 mm): Track [I2S_MCLK] on F.Cu, length 3.8170 mm
    @(197.3000 mm, 75.1000 mm): Track [I2S_RST] on F.Cu, length 0.1000 mm
[clearance]: Clearance violation (netclass 'CODEC' clearance 0.1000 mm; actual 0.0543 mm)
    Rule: netclass 'CODEC'; error
    @(219.7884 mm, 74.2884 mm): Track [I2S_RST] on F.Cu, length 0.1250 mm
    @(219.8950 mm, 74.4000 mm): Track [I2S_MCLK] on F.Cu, length 4.3050 mm
[shorting_items]: Items shorting two nets (nets I2C_SCL and I2S_RST)
    Local override; error
    @(196.6793 mm, 72.8000 mm): Track [I2C_SCL] on F.Cu, length 6.0207 mm
    @(219.6000 mm, 72.8000 mm): Track [I2S_RST] on F.Cu, length 17.5000 mm
[shorting_items]: Items shorting two nets (nets I2S_BCLK and 0V9)
    Local override; error
    @(229.9492 mm, 86.7760 mm): Track [I2S_BCLK] on F.Cu, length 2.5748 mm
    @(232.1000 mm, 86.6950 mm): Track [0V9] on F.Cu, length 0.3950 mm
[clearance]: Clearance violation (netclass 'CODEC' clearance 0.1000 mm; actual 0.0937 mm)
    Rule: netclass 'CODEC'; error
    @(194.5750 mm, 80.2032 mm): Track [I2S_RST] on F.Cu, length 0.5303 mm
    @(193.5000 mm, 80.2543 mm): Track [I2S_BCLK] on F.Cu, length 2.4381 mm
[tracks_crossing]: Tracks crossing
    Rule: netclass 'CODEC'; error
    @(219.6740 mm, 74.1260 mm): Track [I2C_SDA] on F.Cu, length 0.7439 mm
    @(219.7000 mm, 74.2000 mm): Track [I2S_RST] on F.Cu, length 0.4000 mm
[clearance]: Clearance violation (netclass 'JTAG' clearance 0.1000 mm; actual 0.0010 mm)
    Rule: netclass 'JTAG'; error
    @(236.2240 mm, 81.8240 mm): Track [RESET] on F.Cu, length 1.7195 mm
    @(235.1000 mm, 82.1000 mm): Via [xSYS2_TDO] on F.Cu - B.Cu
[clearance]: Clearance violation (netclass 'JTAG' clearance 0.1000 mm; actual 0.0786 mm)
    Rule: netclass 'JTAG'; error
    @(233.4000 mm, 86.8000 mm): Track [xSYS2_TCK] on F.Cu, length 6.5054 mm
    @(230.8000 mm, 89.9000 mm): Via [xSYS2_TDO] on F.Cu - B.Cu
[clearance]: Clearance violation (netclass 'JTAG' clearance 0.1000 mm; actual 0.0750 mm)
    Rule: netclass 'JTAG'; error
    @(167.9500 mm, 87.8500 mm): Via [XL_DN1] on F.Cu - B.Cu
    @(163.4000 mm, 88.2000 mm): Track [X1D18] on F.Cu, length 20.7000 mm
[clearance]: Clearance violation (netclass 'JTAG' clearance 0.1000 mm; actual 0.0786 mm)
    Rule: netclass 'JTAG'; error
    @(185.9000 mm, 90.7000 mm): Via [xSYS2_TDO] on F.Cu - B.Cu
    @(189.6000 mm, 87.5000 mm): Track [xSYS2_TCK] on F.Cu, length 5.2326 mm
[tracks_crossing]: Tracks crossing
    Rule: netclass 'CORE'; error
    @(212.1885 mm, 89.4885 mm): Track [I2S_DAC_DATA] on F.Cu, length 14.1230 mm
    @(225.7625 mm, 90.9000 mm): Track [0V9] on F.Cu, length 2.1907 mm
[clearance]: Clearance violation (netclass 'JTAG' clearance 0.1000 mm; actual 0.0750 mm)
    Rule: netclass 'JTAG'; error
    @(163.4000 mm, 88.2000 mm): Track [X1D18] on F.Cu, length 20.7000 mm
    @(167.9500 mm, 88.5500 mm): Via [XL_DN1] on F.Cu - B.Cu
[clearance]: Clearance violation (netclass 'USB' clearance 0.1000 mm; actual 0.0600 mm)
    Rule: netclass 'USB'; error
    @(250.7500 mm, 79.0500 mm): Pad 3 [GND] of U6 on F.Cu
    @(250.2150 mm, 79.3100 mm): Track [D-] on F.Cu, length 0.7473 mm
[tracks_crossing]: Tracks crossing
    Rule: netclass 'JTAG'; error
    @(235.0000 mm, 81.7000 mm): Track [xSYS2_TCK] on F.Cu, length 2.2627 mm
    @(236.2240 mm, 81.8240 mm): Track [RESET] on F.Cu, length 1.7195 mm
[clearance]: Clearance violation (netclass 'JTAG' clearance 0.1000 mm; actual 0.0413 mm)
    Rule: netclass 'JTAG'; error
    @(234.3033 mm, 82.0252 mm): Track [RESET] on F.Cu, length 0.3286 mm
    @(234.5000 mm, 81.3000 mm): Track [xSYS2_TMS] on F.Cu, length 5.3740 mm
[shorting_items]: Items shorting two nets (nets xSYS2_TCK and I2S_RCLK)
    Local override; error
    @(197.7000 mm, 86.8000 mm): Track [xSYS2_TCK] on F.Cu, length 0.9899 mm
    @(223.5418 mm, 87.6000 mm): Track [I2S_RCLK] on F.Cu, length 27.7418 mm
[tracks_crossing]: Tracks crossing
    Rule: netclass 'JTAG'; error
    @(231.7407 mm, 74.7407 mm): Track [XL_DN0] on F.Cu, length 2.0360 mm
    @(231.1000 mm, 75.3000 mm): Track [0V9] on F.Cu, length 1.3375 mm
[tracks_crossing]: Tracks crossing
    Rule: netclass 'JTAG'; error
    @(233.4000 mm, 86.8000 mm): Track [xSYS2_TCK] on F.Cu, length 6.5054 mm
    @(231.4000 mm, 88.8375 mm): Track [0V9] on F.Cu, length 1.4425 mm
[shorting_items]: Items shorting two nets (nets 3V3 and I2S_BCLK)
    Local override; error
    @(205.4900 mm, 74.4000 mm): Pad 8 [3V3] of U1 on F.Cu
    @(199.6654 mm, 74.8260 mm): Track [I2S_BCLK] on F.Cu, length 17.7394 mm
[tracks_crossing]: Tracks crossing
    Rule: netclass 'CORE'; error
    @(226.0000 mm, 87.4000 mm): Track [0V9] on F.Cu, length 0.9899 mm
    @(226.1028 mm, 87.8760 mm): Track [I2S_RCLK] on F.Cu, length 0.4964 mm
[clearance]: Clearance violation (netclass 'JTAG' clearance 0.1000 mm; actual 0.0010 mm)
    Rule: netclass 'JTAG'; error
    @(187.9693 mm, 92.5210 mm): Track [RESET] on F.Cu, length 2.5753 mm
    @(189.4000 mm, 90.7000 mm): Via [xSYS2_TDO] on F.Cu - B.Cu
[tracks_crossing]: Tracks crossing
    Rule: netclass 'JTAG'; error
    @(163.7910 mm, 92.5210 mm): Track [RESET] on F.Cu, length 24.1783 mm
    @(170.0000 mm, 91.8500 mm): Track [xSYS2_TDI] on F.Cu, length 1.8385 mm
[tracks_crossing]: Tracks crossing
    Rule: netclass 'JTAG'; error
    @(213.8000 mm, 83.7000 mm): Track [xSYS2_TCK] on F.Cu, length 0.5657 mm
    @(224.9064 mm, 83.4000 mm): Track [SI_IO0] on F.Cu, length 12.0064 mm
[tracks_crossing]: Tracks crossing
    Rule: netclass 'JTAG'; error
    @(221.6000 mm, 91.8000 mm): Track [xSYS2_TCK] on F.Cu, length 2.1213 mm
    @(189.7903 mm, 90.7000 mm): Track [RESET] on F.Cu, length 40.6097 mm
[clearance]: Clearance violation (netclass 'JTAG' clearance 0.1000 mm; actual 0.0000 mm)
    Rule: netclass 'JTAG'; error
    @(215.2000 mm, 83.9000 mm): Track [xSYS2_TCK] on F.Cu, length 1.1000 mm
    @(219.8281 mm, 83.8000 mm): Track [X0D43] on F.Cu, length 5.3281 mm
[tracks_crossing]: Tracks crossing
    Rule: netclass 'JTAG'; error
    @(193.0000 mm, 85.7000 mm): Track [I2S_DAC_DATA] on F.Cu, length 3.3941 mm
    @(193.6000 mm, 86.0000 mm): Track [xSYS2_TCK] on F.Cu, length 0.4243 mm
[tracks_crossing]: Tracks crossing
    Rule: netclass 'FLASH'; error
    @(227.8028 mm, 85.2240 mm): Track [I2S_BCLK] on F.Cu, length 0.5943 mm
    @(228.6995 mm, 84.8006 mm): Track [CS] on F.Cu, length 0.9892 mm
[tracks_crossing]: Tracks crossing
    Rule: netclass 'JTAG'; error
    @(225.9000 mm, 89.3000 mm): Track [xSYS2_TDO] on F.Cu, length 24.4000 mm
    @(220.8375 mm, 90.0975 mm): Track [GND] on F.Cu, length 1.9975 mm
[shorting_items]: Items shorting two nets (nets xSYS2_TDO and 1V8)
    Local override; error
    @(236.1348 mm, 84.5652 mm): Track [xSYS2_TDO] on F.Cu, length 0.1250 mm
    @(236.2375 mm, 85.3000 mm): Pad 1 [1V8] of C13 on F.Cu
[tracks_crossing]: Tracks crossing
    Rule: netclass 'JTAG'; error
    @(230.4000 mm, 90.7000 mm): Track [RESET] on F.Cu, length 9.4752 mm
    @(232.5500 mm, 87.4500 mm): Track [xSYS2_TDI] on F.Cu, length 1.9000 mm
[tracks_crossing]: Tracks crossing
    Rule: netclass 'CORE'; error
    @(229.9492 mm, 86.7760 mm): Track [I2S_BCLK] on F.Cu, length 2.5748 mm
    @(231.4000 mm, 87.3950 mm): Track [0V9] on F.Cu, length 0.9899 mm
[clearance]: Clearance violation (netclass 'CODEC' clearance 0.1000 mm; actual 0.0990 mm)
    Rule: netclass 'CODEC'; error
    @(199.1747 mm, 74.6000 mm): Track [I2S_RST] on F.Cu, length 1.3747 mm
    @(198.8247 mm, 74.9740 mm): Track [I2S_BCLK] on F.Cu, length 0.2475 mm
[shorting_items]: Items shorting two nets (nets XL_DN0 and X1D18)
    Local override; error
    @(223.9672 mm, 72.3000 mm): Track [XL_DN0] on F.Cu, length 44.7886 mm
    @(196.5500 mm, 72.3000 mm): Track [X1D18] on F.Cu, length 27.7500 mm
[tracks_crossing]: Tracks crossing
    Rule: netclass 'JTAG'; error
    @(189.4000 mm, 90.7000 mm): Track [xSYS2_TDO] on F.Cu, length 3.5000 mm
    @(189.6000 mm, 87.5000 mm): Track [xSYS2_TCK] on F.Cu, length 5.2326 mm
[tracks_crossing]: Tracks crossing
    Rule: netclass 'CORE'; error
    @(226.6760 mm, 76.8760 mm): Track [I2S_MCLK] on F.Cu, length 2.6540 mm
    @(229.1000 mm, 76.4000 mm): Track [0V9] on F.Cu, length 1.5497 mm
[tracks_crossing]: Tracks crossing
    Rule: netclass 'USB'; error
    @(252.5700 mm, 80.5000 mm): Track [D+] on F.Cu, length 0.4900 mm
    @(252.3300 mm, 80.2477 mm): Track [D-] on F.Cu, length 0.7923 mm
[tracks_crossing]: Tracks crossing
    Rule: netclass 'JTAG'; error
    @(172.7000 mm, 90.8000 mm): Track [xSYS2_TDO] on F.Cu, length 2.5456 mm
    @(163.7910 mm, 92.5210 mm): Track [RESET] on F.Cu, length 24.1783 mm
[clearance]: Clearance violation (netclass 'JTAG' clearance 0.1000 mm; actual 0.0128 mm)
    Rule: netclass 'JTAG'; error
    @(230.5000 mm, 85.1000 mm): Track [xSYS2_TMS] on F.Cu, length 3.3941 mm
    @(229.4596 mm, 86.3000 mm): Track [I2S_DAC_DATA] on F.Cu, length 1.6404 mm
[clearance]: Clearance violation (netclass 'POWER' clearance 0.1000 mm; actual 0.0500 mm)
    Rule: netclass 'POWER'; error
    @(236.4000 mm, 83.4000 mm): Track [xSYS2_TDO] on F.Cu, length 0.9000 mm
    @(236.2375 mm, 85.3000 mm): Pad 1 [1V8] of C13 on F.Cu
[tracks_crossing]: Tracks crossing
    Rule: netclass 'JTAG'; error
    @(218.4000 mm, 87.1000 mm): Track [xSYS2_TCK] on F.Cu, length 4.5255 mm
    @(218.8593 mm, 85.0885 mm): Track [WP_IO2] on F.Cu, length 10.2708 mm
[clearance]: Clearance violation (netclass 'JTAG' clearance 0.1000 mm; actual 0.0128 mm)
    Rule: netclass 'JTAG'; error
    @(230.5000 mm, 85.1000 mm): Track [xSYS2_TMS] on F.Cu, length 3.3941 mm
    @(227.4000 mm, 88.3596 mm): Track [I2S_DAC_DATA] on F.Cu, length 2.9126 mm
[shorting_items]: Items shorting two nets (nets xSYS2_TDO and 1V8)
    Local override; error
    @(236.3116 mm, 84.3884 mm): Track [xSYS2_TDO] on F.Cu, length 0.1250 mm
    @(236.2375 mm, 85.3000 mm): Pad 1 [1V8] of C13 on F.Cu
[shorting_items]: Items shorting two nets (nets XL_DN0 and X1D18)
    Local override; error
    @(224.9682 mm, 73.3010 mm): Track [XL_DN0] on F.Cu, length 1.4156 mm
    @(224.5500 mm, 72.9500 mm): Track [X1D18] on F.Cu, length 0.0500 mm
[tracks_crossing]: Tracks crossing
    Rule: netclass 'JTAG'; error
    @(170.9000 mm, 92.6000 mm): Track [xSYS2_TDO] on F.Cu, length 3.0260 mm
    @(170.0000 mm, 91.8500 mm): Track [xSYS2_TDI] on F.Cu, length 1.8385 mm
[tracks_crossing]: Tracks crossing
    Rule: netclass 'JTAG'; error
    @(230.3010 mm, 73.3010 mm): Track [XL_DN0] on F.Cu, length 5.3328 mm
    @(228.8500 mm, 72.9500 mm): Track [X1D18] on F.Cu, length 1.6263 mm
[clearance]: Clearance violation (netclass 'JTAG' clearance 0.1000 mm; actual 0.0230 mm)
    Rule: netclass 'JTAG'; error
    @(167.8000 mm, 92.7000 mm): Track [xSYS2_TCK] on F.Cu, length 1.1314 mm
    @(170.9000 mm, 92.6000 mm): Track [xSYS2_TDO] on F.Cu, length 3.0260 mm
[clearance]: Clearance violation (netclass 'JTAG' clearance 0.1000 mm; actual 0.0560 mm)
    Rule: netclass 'JTAG'; error
    @(192.6000 mm, 76.8793 mm): Track [I2C_SCL] on F.Cu, length 5.7691 mm
    @(194.8000 mm, 74.9000 mm): Track [X1D18] on F.Cu, length 1.9799 mm
[shorting_items]: Items shorting two nets (nets XL_DN0 and X1D18)
    Local override; error
    @(224.9682 mm, 73.3010 mm): Track [XL_DN0] on F.Cu, length 1.4156 mm
    @(224.4000 mm, 72.4000 mm): Track [X1D18] on F.Cu, length 0.3000 mm
[shorting_items]: Items shorting two nets (nets xSYS2_TDO and 1V8)
    Local override; error
    @(236.4000 mm, 84.3000 mm): Track [xSYS2_TDO] on F.Cu, length 0.1250 mm
    @(236.2375 mm, 85.3000 mm): Pad 1 [1V8] of C13 on F.Cu
[shorting_items]: Items shorting two nets (nets XL_DN0 and X1D18)
    Local override; error
    @(230.3010 mm, 73.3010 mm): Track [XL_DN0] on F.Cu, length 5.3328 mm
    @(224.5500 mm, 73.0000 mm): Track [X1D18] on F.Cu, length 1.0607 mm
[clearance]: Clearance violation (netclass 'JTAG' clearance 0.1000 mm; actual 0.0885 mm)
    Rule: netclass 'JTAG'; error
    @(212.1885 mm, 89.4885 mm): Track [I2S_DAC_DATA] on F.Cu, length 14.1230 mm
    @(226.7000 mm, 88.5000 mm): Track [xSYS2_TDO] on F.Cu, length 1.1314 mm
[clearance]: Clearance violation (netclass 'USB' clearance 0.1000 mm; actual 0.0150 mm)
    Rule: netclass 'USB'; error
    @(255.2900 mm, 82.8200 mm): Track [D-] on F.Cu, length 0.4667 mm
    @(255.5025 mm, 82.6300 mm): Pad B6 [D+] of J1 on F.Cu
[clearance]: Clearance violation (netclass 'JTAG' clearance 0.1000 mm; actual 0.0413 mm)
    Rule: netclass 'JTAG'; error
    @(231.4998 mm, 85.3048 mm): Track [I2S_RCLK] on F.Cu, length 0.8048 mm
    @(234.5000 mm, 81.3000 mm): Track [xSYS2_TMS] on F.Cu, length 5.3740 mm
[tracks_crossing]: Tracks crossing
    Rule: netclass 'JTAG'; error
    @(163.7910 mm, 92.5210 mm): Track [RESET] on F.Cu, length 24.1783 mm
    @(166.4000 mm, 92.6000 mm): Track [xSYS2_TDO] on F.Cu, length 0.9899 mm
[tracks_crossing]: Tracks crossing
    Rule: netclass 'JTAG'; error
    @(169.1000 mm, 92.1000 mm): Track [xSYS2_TCK] on F.Cu, length 0.8485 mm
    @(170.9000 mm, 92.6000 mm): Track [xSYS2_TDO] on F.Cu, length 3.0260 mm
[clearance]: Clearance violation (netclass 'USB' clearance 0.1000 mm; actual 0.0150 mm)
    Rule: netclass 'USB'; error
    @(255.5025 mm, 82.6300 mm): Pad B6 [D+] of J1 on F.Cu
    @(254.7100 mm, 82.8200 mm): Track [D-] on F.Cu, length 0.5800 mm
[clearance]: Clearance violation (netclass 'JTAG' clearance 0.1000 mm; actual 0.0750 mm)
    Rule: netclass 'JTAG'; error
    @(221.8500 mm, 94.3500 mm): Track [xSYS2_TDI] on F.Cu, length 0.7000 mm
    @(221.5000 mm, 93.7000 mm): Via [xSYS2_TMS] on F.Cu - B.Cu
[tracks_crossing]: Tracks crossing
    Rule: netclass 'JTAG'; error
    @(236.0464 mm, 84.6536 mm): Track [xSYS2_TDO] on F.Cu, length 7.4196 mm
    @(232.5500 mm, 87.4500 mm): Track [xSYS2_TDI] on F.Cu, length 1.9000 mm
[shorting_items]: Items shorting two nets (nets xSYS2_TCK and SI_IO0)
    Local override; error
    @(213.0000 mm, 83.3000 mm): Track [xSYS2_TCK] on F.Cu, length 0.1414 mm
    @(224.9064 mm, 83.4000 mm): Track [SI_IO0] on F.Cu, length 12.0064 mm
[tracks_crossing]: Tracks crossing
    Rule: netclass 'JTAG'; error
    @(224.5000 mm, 92.5000 mm): Track [xSYS2_TCK] on F.Cu, length 0.5657 mm
    @(228.1000 mm, 88.5000 mm): Track [xSYS2_TMS] on F.Cu, length 7.3539 mm
[shorting_items]: Items shorting two nets (nets xSYS2_TCK and SI_IO0)
    Local override; error
    @(213.4000 mm, 83.3000 mm): Track [xSYS2_TCK] on F.Cu, length 0.4000 mm
    @(224.9064 mm, 83.4000 mm): Track [SI_IO0] on F.Cu, length 12.0064 mm
[shorting_items]: Items shorting two nets (nets 1V8 and xSYS2_TDO)
    Local override; error
    @(236.2375 mm, 85.3000 mm): Pad 1 [1V8] of C13 on F.Cu
    @(236.2232 mm, 84.4768 mm): Track [xSYS2_TDO] on F.Cu, length 0.1250 mm
[clearance]: Clearance violation (netclass 'JTAG' clearance 0.1000 mm; actual 0.0768 mm)
    Rule: netclass 'JTAG'; error
    @(233.0500 mm, 86.9000 mm): Track [xSYS2_TDI] on F.Cu, length 0.0707 mm
    @(233.4000 mm, 86.8000 mm): Track [xSYS2_TCK] on F.Cu, length 6.5054 mm
[shorting_items]: Items shorting two nets (nets RESET and xSYS2_TDO)
    Local override; error
    @(163.7910 mm, 92.5210 mm): Track [RESET] on F.Cu, length 24.1783 mm
    @(167.8740 mm, 92.6000 mm): Track [xSYS2_TDO] on F.Cu, length 1.4740 mm
[tracks_crossing]: Tracks crossing
    Rule: netclass 'CODEC'; error
    @(229.9492 mm, 86.7760 mm): Track [I2S_BCLK] on F.Cu, length 2.5748 mm
    @(230.9000 mm, 87.4000 mm): Track [I2S_RCLK] on F.Cu, length 0.9546 mm
[tracks_crossing]: Tracks crossing
    Rule: netclass 'JTAG'; error
    @(231.0998 mm, 85.3997 mm): Track [I2S_DAC_DATA] on F.Cu, length 0.8997 mm
    @(234.5000 mm, 81.3000 mm): Track [xSYS2_TMS] on F.Cu, length 5.3740 mm
[shorting_items]: Items shorting two nets (nets xSYS2_TMS and 3V3)
    Local override; error
    @(228.1000 mm, 87.5000 mm): Track [xSYS2_TMS] on F.Cu, length 1.0000 mm
    @(228.7000 mm, 88.8375 mm): Pad 1 [3V3] of C18 on F.Cu
[shorting_items]: Items shorting two nets (nets xSYS2_TDI and xSYS2_TMS)
    Local override; error
    @(170.0000 mm, 91.6500 mm): Track [xSYS2_TDI] on F.Cu, length 0.2000 mm
    @(170.6639 mm, 91.9000 mm): Track [xSYS2_TMS] on F.Cu, length 2.4639 mm
[shorting_items]: Items shorting two nets (nets xSYS2_TCK and I2S_RCLK)
    Local override; error
    @(197.0000 mm, 87.5000 mm): Track [xSYS2_TCK] on F.Cu, length 1.7000 mm
    @(223.5418 mm, 87.6000 mm): Track [I2S_RCLK] on F.Cu, length 27.7418 mm
[tracks_crossing]: Tracks crossing
    Rule: netclass 'JTAG'; error
    @(226.6500 mm, 91.1500 mm): Track [xSYS2_TDI] on F.Cu, length 0.7000 mm
    @(228.8000 mm, 91.4000 mm): Track [xSYS2_TCK] on F.Cu, length 3.2000 mm
[tracks_crossing]: Tracks crossing
    Rule: netclass 'POWER'; error
    @(213.1125 mm, 90.5000 mm): Track [5V] on F.Cu, length 3.7477 mm
    @(189.7903 mm, 90.7000 mm): Track [RESET] on F.Cu, length 40.6097 mm
[clearance]: Clearance violation (netclass 'JTAG' clearance 0.1000 mm; actual 0.0885 mm)
    Rule: netclass 'JTAG'; error
    @(220.1000 mm, 89.3000 mm): Track [xSYS2_TCK] on F.Cu, length 0.5657 mm
    @(212.1885 mm, 89.4885 mm): Track [I2S_DAC_DATA] on F.Cu, length 14.1230 mm
[tracks_crossing]: Tracks crossing
    Rule: netclass 'JTAG'; error
    @(230.5000 mm, 85.1000 mm): Track [xSYS2_TMS] on F.Cu, length 3.3941 mm
    @(228.3972 mm, 85.2240 mm): Track [I2S_BCLK] on F.Cu, length 2.1949 mm
[shorting_items]: Items shorting two nets (nets xSYS2_TMS and Net-(U3-FB))
    Local override; error
    @(222.9000 mm, 93.7000 mm): Track [xSYS2_TMS] on F.Cu, length 0.1167 mm
    @(223.4500 mm, 93.3850 mm): Pad 2 [Net-(U3-FB)] of R9 on F.Cu
[shorting_items]: Items shorting two nets (nets xSYS2_TMS and Net-(U3-FB))
    Local override; error
    @(222.7833 mm, 93.7000 mm): Track [xSYS2_TMS] on F.Cu, length 0.1167 mm
    @(223.4500 mm, 93.3850 mm): Pad 2 [Net-(U3-FB)] of R9 on F.Cu
[shorting_items]: Items shorting two nets (nets Net-(J3_IN1-TIP) and XL_DN0)
    Local override; error
    @(168.6000 mm, 82.9750 mm): Track [Net-(J3_IN1-TIP)] on F.Cu, length 5.2326 mm
    @(179.1786 mm, 72.3000 mm): Track [XL_DN0] on F.Cu, length 24.8887 mm
[shorting_items]: Items shorting two nets (nets I2S_RCLK and 0V9)
    Local override; error
    @(223.6168 mm, 87.5250 mm): Track [I2S_RCLK] on F.Cu, length 0.1061 mm
    @(223.9625 mm, 88.1000 mm): Pad 1 [0V9] of C26 on F.Cu
[tracks_crossing]: Tracks crossing
    Rule: netclass 'JTAG'; error
    @(168.6000 mm, 81.6400 mm): Track [Net-(J3_IN1-TIP)] on F.Cu, length 1.3350 mm
    @(179.1786 mm, 72.3000 mm): Track [XL_DN0] on F.Cu, length 24.8887 mm
[clearance]: Clearance violation (netclass 'JTAG' clearance 0.1000 mm; actual 0.0890 mm)
    Rule: netclass 'JTAG'; error
    @(171.3000 mm, 91.6500 mm): Track [xSYS2_TDI] on F.Cu, length 0.1414 mm
    @(171.1000 mm, 91.2000 mm): Via [xSYS2_TCK] on F.Cu - B.Cu
[tracks_crossing]: Tracks crossing
    Rule: netclass 'JTAG'; error
    @(228.1000 mm, 87.5000 mm): Track [xSYS2_TMS] on F.Cu, length 1.0000 mm
    @(228.5408 mm, 87.8760 mm): Track [I2S_RCLK] on F.Cu, length 2.4380 mm
[tracks_crossing]: Tracks crossing
    Rule: netclass 'JTAG'; error
    @(169.6760 mm, 82.7160 mm): Track [Net-(J3_IN1-TIP)] on F.Cu, length 1.5217 mm
    @(179.1786 mm, 72.3000 mm): Track [XL_DN0] on F.Cu, length 24.8887 mm
[tracks_crossing]: Tracks crossing
    Rule: netclass 'JTAG'; error
    @(169.1000 mm, 91.3000 mm): Track [xSYS2_TCK] on F.Cu, length 0.8000 mm
    @(170.6639 mm, 91.9000 mm): Track [xSYS2_TMS] on F.Cu, length 2.4639 mm
[tracks_crossing]: Tracks crossing
    Rule: netclass 'JTAG'; error
    @(197.0000 mm, 87.5000 mm): Track [xSYS2_TCK] on F.Cu, length 1.7000 mm
    @(195.8000 mm, 87.6000 mm): Track [I2S_RCLK] on F.Cu, length 3.6770 mm
[tracks_crossing]: Tracks crossing
    Rule: netclass 'JTAG'; error
    @(173.8375 mm, 78.9000 mm): Track [Net-(J3_IN1-RING)] on F.Cu, length 1.6065 mm
    @(179.1786 mm, 72.3000 mm): Track [XL_DN0] on F.Cu, length 24.8887 mm
[tracks_crossing]: Tracks crossing
    Rule: netclass 'JTAG'; error
    @(220.1000 mm, 90.3000 mm): Track [xSYS2_TCK] on F.Cu, length 1.0000 mm
    @(212.1885 mm, 89.4885 mm): Track [I2S_DAC_DATA] on F.Cu, length 14.1230 mm
[tracks_crossing]: Tracks crossing
    Rule: netclass 'JTAG'; error
    @(221.8500 mm, 94.3500 mm): Track [xSYS2_TDI] on F.Cu, length 0.7000 mm
    @(222.4333 mm, 93.7000 mm): Track [xSYS2_TMS] on F.Cu, length 0.9333 mm
[tracks_crossing]: Tracks crossing
    Rule: netclass 'FLASH'; error
    @(199.9553 mm, 74.1260 mm): Track [I2C_SDA] on F.Cu, length 19.7187 mm
    @(206.8000 mm, 74.4000 mm): Track [HLD_RST_IO3] on F.Cu, length 1.5556 mm
[tracks_crossing]: Tracks crossing
    Rule: netclass 'JTAG'; error
    @(172.7000 mm, 90.8000 mm): Track [xSYS2_TDO] on F.Cu, length 2.5456 mm
    @(185.9000 mm, 91.2000 mm): Track [xSYS2_TCK] on F.Cu, length 14.8000 mm
[tracks_crossing]: Tracks crossing
    Rule: netclass 'JTAG'; error
    @(189.7903 mm, 90.7000 mm): Track [RESET] on F.Cu, length 40.6097 mm
    @(228.1000 mm, 88.5000 mm): Track [xSYS2_TMS] on F.Cu, length 7.3539 mm
[clearance]: Clearance violation (netclass 'JTAG' clearance 0.1000 mm; actual 0.0500 mm)
    Rule: netclass 'JTAG'; error
    @(221.8000 mm, 93.5500 mm): Track [xSYS2_TDI] on F.Cu, length 0.7778 mm
    @(222.4333 mm, 93.7000 mm): Track [xSYS2_TMS] on F.Cu, length 0.9333 mm
[clearance]: Clearance violation (netclass 'POWER' clearance 0.1000 mm; actual 0.0615 mm)
    Rule: netclass 'POWER'; error
    @(212.1885 mm, 89.4885 mm): Track [I2S_DAC_DATA] on F.Cu, length 14.1230 mm
    @(213.1625 mm, 90.5000 mm): Pad 1 [5V] of C6 on F.Cu
[tracks_crossing]: Tracks crossing
    Rule: netclass 'JTAG'; error
    @(225.9622 mm, 87.1000 mm): Track [HLD_RST_IO3] on F.Cu, length 17.8622 mm
    @(219.7000 mm, 87.2000 mm): Track [xSYS2_TCK] on F.Cu, length 0.1414 mm
[tracks_crossing]: Tracks crossing
    Rule: netclass 'FLASH'; error
    @(209.8000 mm, 73.3000 mm): Track [HLD_RST_IO3] on F.Cu, length 3.1113 mm
    @(199.6654 mm, 74.8260 mm): Track [I2S_BCLK] on F.Cu, length 17.7394 mm
[clearance]: Clearance violation (netclass 'FLASH' clearance 0.1000 mm; actual 0.0220 mm)
    Rule: netclass 'FLASH'; error
    @(211.0000 mm, 82.1500 mm): Track [SCLK] on F.Cu, length 7.2020 mm
    @(199.6654 mm, 74.8260 mm): Track [I2S_BCLK] on F.Cu, length 17.7394 mm
[shorting_items]: Items shorting two nets (nets Net-(U2B-PLL_AVDD) and xSYS2_TMS)
    Local override; error
    @(233.9747 mm, 81.6252 mm): Pad 22 [Net-(U2B-PLL_AVDD)] of U2 on F.Cu
    @(234.5000 mm, 81.3000 mm): Track [xSYS2_TMS] on F.Cu, length 5.3740 mm
[tracks_crossing]: Tracks crossing
    Rule: netclass 'JTAG'; error
    @(223.5418 mm, 87.6000 mm): Track [I2S_RCLK] on F.Cu, length 27.7418 mm
    @(219.7000 mm, 88.9000 mm): Track [xSYS2_TCK] on F.Cu, length 1.7000 mm
[clearance]: Clearance violation (netclass 'JTAG' clearance 0.1000 mm; actual 0.0432 mm)
    Rule: netclass 'JTAG'; error
    @(221.8000 mm, 93.5500 mm): Track [xSYS2_TDI] on F.Cu, length 0.7778 mm
    @(221.5000 mm, 93.7000 mm): Via [xSYS2_TMS] on F.Cu - B.Cu
[tracks_crossing]: Tracks crossing
    Rule: netclass 'FLASH'; error
    @(199.9553 mm, 74.1260 mm): Track [I2C_SDA] on F.Cu, length 19.7187 mm
    @(208.7560 mm, 73.6740 mm): Track [SCLK] on F.Cu, length 1.0267 mm
[shorting_items]: Items shorting two nets (nets xSYS2_TDO and xSYS2_TCK)
    Local override; error
    @(170.9000 mm, 92.6000 mm): Track [xSYS2_TDO] on F.Cu, length 3.0260 mm
    @(168.5000 mm, 92.7000 mm): Track [xSYS2_TCK] on F.Cu, length 0.7000 mm
[shorting_items]: Items shorting two nets (nets 0V9 and I2S_RCLK)
    Local override; error
    @(226.0000 mm, 87.4000 mm): Track [0V9] on F.Cu, length 0.9899 mm
    @(225.7518 mm, 87.5250 mm): Track [I2S_RCLK] on F.Cu, length 2.1350 mm
[clearance]: Clearance violation (netclass 'JTAG' clearance 0.1000 mm; actual 0.0833 mm)
    Rule: netclass 'JTAG'; error
    @(223.4500 mm, 93.3850 mm): Pad 2 [Net-(U3-FB)] of R9 on F.Cu
    @(222.6667 mm, 93.7000 mm): Track [xSYS2_TMS] on F.Cu, length 0.1167 mm
[shorting_items]: Items shorting two nets (nets I2S_BCLK and HLD_RST_IO3)
    Local override; error
    @(217.4048 mm, 74.8260 mm): Track [I2S_BCLK] on F.Cu, length 14.7050 mm
    @(228.2994 mm, 84.8335 mm): Track [HLD_RST_IO3] on F.Cu, length 0.9905 mm
[tracks_crossing]: Tracks crossing
    Rule: netclass 'JTAG'; error
    @(225.9000 mm, 89.3000 mm): Track [xSYS2_TDO] on F.Cu, length 24.4000 mm
    @(210.8000 mm, 88.1000 mm): Track [I2S_DAC_DATA] on F.Cu, length 1.9636 mm
[tracks_crossing]: Tracks crossing
    Rule: netclass 'FLASH'; error
    @(204.5000 mm, 75.8000 mm): Track [HLD_RST_IO3] on F.Cu, length 1.6620 mm
    @(199.5204 mm, 75.1760 mm): Track [I2S_ADC_DATA] on F.Cu, length 10.9349 mm
[tracks_crossing]: Tracks crossing
    Rule: netclass 'FLASH'; error
    @(199.6654 mm, 74.8260 mm): Track [I2S_BCLK] on F.Cu, length 17.7394 mm
    @(211.0000 mm, 74.9480 mm): Track [SCLK] on F.Cu, length 1.8017 mm
[clearance]: Clearance violation (netclass 'Default' clearance 0.1000 mm; actual 0.0760 mm)
    Rule: netclass 'Default'; error
    @(177.9635 mm, 77.8990 mm): Track [Net-(C50-Pad2)] on F.Cu, length 3.1855 mm
    @(179.0500 mm, 78.9000 mm): Pad 1 [Net-(U9-V_{IN}R)] of R26 on F.Cu
[tracks_crossing]: Tracks crossing
    Rule: netclass 'JTAG'; error
    @(212.9000 mm, 83.4000 mm): Track [SI_IO0] on F.Cu, length 1.4646 mm
    @(212.6000 mm, 83.2000 mm): Track [xSYS2_TCK] on F.Cu, length 0.2828 mm
[clearance]: Clearance violation (netclass 'Default' clearance 0.1000 mm; actual 0.0760 mm)
    Rule: netclass 'Default'; error
    @(179.0500 mm, 81.6000 mm): Pad 1 [Net-(U9-V_{IN}L)] of R24 on F.Cu
    @(177.9635 mm, 80.5990 mm): Track [Net-(C49-Pad2)] on F.Cu, length 3.1855 mm
[tracks_crossing]: Tracks crossing
    Rule: netclass 'FLASH'; error
    @(228.0000 mm, 85.7000 mm): Track [CS] on F.Cu, length 1.2728 mm
    @(227.5990 mm, 85.5339 mm): Track [HLD_RST_IO3] on F.Cu, length 0.6671 mm
[shorting_items]: Items shorting two nets (nets 1V8 and xSYS2_TDO)
    Local override; error
    @(235.8000 mm, 83.7000 mm): Track [1V8] on F.Cu, length 1.1625 mm
    @(236.0464 mm, 84.6536 mm): Track [xSYS2_TDO] on F.Cu, length 7.4196 mm
[clearance]: Clearance violation (netclass 'JTAG' clearance 0.1000 mm; actual 0.0414 mm)
    Rule: netclass 'JTAG'; error
    @(208.1000 mm, 87.1000 mm): Track [HLD_RST_IO3] on F.Cu, length 5.0912 mm
    @(204.7000 mm, 83.9000 mm): Track [xSYS2_TCK] on F.Cu, length 0.2828 mm
[tracks_crossing]: Tracks crossing
    Rule: netclass 'FLASH'; error
    @(199.9553 mm, 74.1260 mm): Track [I2C_SDA] on F.Cu, length 19.7187 mm
    @(205.9840 mm, 73.6240 mm): Track [HLD_RST_IO3] on F.Cu, length 1.0974 mm
[shorting_items]: Items shorting two nets (nets HLD_RST_IO3 and xSYS2_TCK)
    Local override; error
    @(225.9622 mm, 87.1000 mm): Track [HLD_RST_IO3] on F.Cu, length 17.8622 mm
    @(219.7000 mm, 88.9000 mm): Track [xSYS2_TCK] on F.Cu, length 1.7000 mm
[tracks_crossing]: Tracks crossing
    Rule: netclass 'JTAG'; error
    @(156.5203 mm, 92.5210 mm): Track [XL_DN0] on F.Cu, length 3.4287 mm
    @(156.0890 mm, 92.0897 mm): Track [XL_UP1] on F.Cu, length 0.6100 mm
[tracks_crossing]: Tracks crossing
    Rule: netclass 'FLASH'; error
    @(199.9553 mm, 74.1260 mm): Track [I2C_SDA] on F.Cu, length 19.7187 mm
    @(204.5000 mm, 74.1380 mm): Track [HLD_RST_IO3] on F.Cu, length 0.7269 mm
[tracks_crossing]: Tracks crossing
    Rule: netclass 'CODEC'; error
    @(193.0000 mm, 79.7793 mm): Track [I2S_MCLK] on F.Cu, length 2.6502 mm
    @(194.2000 mm, 79.8282 mm): Track [I2S_RST] on F.Cu, length 1.5282 mm
[shorting_items]: Items shorting two nets (nets I2S_MCLK and HLD_RST_IO3)
    Local override; error
    @(199.8104 mm, 74.4760 mm): Track [I2S_MCLK] on F.Cu, length 20.0086 mm
    @(206.7600 mm, 74.4000 mm): Track [HLD_RST_IO3] on F.Cu, length 0.0400 mm
[tracks_crossing]: Tracks crossing
    Rule: netclass 'JTAG'; error
    @(184.7000 mm, 95.1500 mm): Track [xSYS2_TDI] on F.Cu, length 4.9497 mm
    @(163.7910 mm, 92.5210 mm): Track [RESET] on F.Cu, length 24.1783 mm
[clearance]: Clearance violation (netclass 'CODEC' clearance 0.1000 mm; actual 0.0240 mm)
    Rule: netclass 'CODEC'; error
    @(199.7344 mm, 74.4000 mm): Track [I2S_MCLK] on F.Cu, length 0.1075 mm
    @(200.9000 mm, 74.6000 mm): Track [I2S_RST] on F.Cu, length 1.7253 mm
[shorting_items]: Items shorting two nets (nets XL_DN0 and XL_UP1)
    Local override; error
    @(156.5203 mm, 92.5210 mm): Track [XL_DN0] on F.Cu, length 3.4287 mm
    @(156.5203 mm, 92.5210 mm): Track [XL_UP1] on F.Cu, length 0.8887 mm
[clearance]: Clearance violation (netclass 'FLASH' clearance 0.1000 mm; actual 0.0500 mm)
    Rule: netclass 'FLASH'; error
    @(219.8281 mm, 83.8000 mm): Track [X0D43] on F.Cu, length 5.3281 mm
    @(215.8500 mm, 83.9500 mm): Track [CS] on F.Cu, length 3.7477 mm
[tracks_crossing]: Tracks crossing
    Rule: netclass 'JTAG'; error
    @(215.2000 mm, 83.9000 mm): Track [xSYS2_TCK] on F.Cu, length 1.1000 mm
    @(214.5000 mm, 83.8000 mm): Track [X0D43] on F.Cu, length 0.8485 mm
[tracks_crossing]: Tracks crossing
    Rule: netclass 'JTAG'; error
    @(156.5203 mm, 92.5210 mm): Track [XL_DN0] on F.Cu, length 3.4287 mm
    @(158.4500 mm, 92.7500 mm): Track [XL_UP0] on F.Cu, length 1.2445 mm
[clearance]: Clearance violation (netclass 'GND' clearance 0.1000 mm; actual 0.0953 mm)
    Rule: netclass 'GND'; error
    @(220.9375 mm, 79.6000 mm): Pad 2 [GND] of C19 on F.Cu
    @(221.7250 mm, 80.3751 mm): Track [X0D43] on F.Cu, length 3.8750 mm
[clearance]: Clearance violation (netclass 'CODEC' clearance 0.1000 mm; actual 0.0870 mm)
    Rule: netclass 'CODEC'; error
    @(194.2000 mm, 78.3000 mm): Track [I2S_RST] on F.Cu, length 4.1366 mm
    @(194.8740 mm, 77.8904 mm): Track [I2S_MCLK] on F.Cu, length 1.1192 mm
[shorting_items]: Items shorting two nets (nets HLD_RST_IO3 and xSYS2_TCK)
    Local override; error
    @(208.1000 mm, 87.1000 mm): Track [HLD_RST_IO3] on F.Cu, length 5.0912 mm
    @(206.1000 mm, 85.2000 mm): Track [xSYS2_TCK] on F.Cu, length 1.8385 mm
[tracks_crossing]: Tracks crossing
    Rule: netclass 'JTAG'; error
    @(208.1000 mm, 87.1000 mm): Track [HLD_RST_IO3] on F.Cu, length 5.0912 mm
    @(206.6000 mm, 85.2000 mm): Track [xSYS2_TCK] on F.Cu, length 0.5000 mm
[tracks_crossing]: Tracks crossing
    Rule: netclass 'FLASH'; error
    @(217.4048 mm, 74.8260 mm): Track [I2S_BCLK] on F.Cu, length 14.7050 mm
    @(227.4247 mm, 84.0255 mm): Track [WP_IO2] on F.Cu, length 0.8501 mm
[shorting_items]: Items shorting two nets (nets GND and HLD_RST_IO3)
    Local override; error
    @(207.3950 mm, 77.3000 mm): Pad 9 [GND] of U1 on F.Cu
    @(209.8490 mm, 76.6750 mm): Track [HLD_RST_IO3] on F.Cu, length 5.3490 mm
[tracks_crossing]: Tracks crossing
    Rule: netclass 'CODEC'; error
    @(218.3000 mm, 77.8832 mm): Track [I2S_ADC_DATA] on F.Cu, length 4.8322 mm
    @(219.8281 mm, 82.2719 mm): Track [X0D43] on F.Cu, length 2.6825 mm
[tracks_crossing]: Tracks crossing
    Rule: netclass 'FLASH'; error
    @(224.9064 mm, 83.4000 mm): Track [SI_IO0] on F.Cu, length 12.0064 mm
    @(219.8281 mm, 83.8000 mm): Track [X0D43] on F.Cu, length 1.5281 mm
[clearance]: Clearance violation (netclass 'CORE' clearance 0.1000 mm; actual 0.0260 mm)
    Rule: netclass 'CORE'; error
    @(226.6760 mm, 76.8760 mm): Track [I2S_MCLK] on F.Cu, length 2.6540 mm
    @(227.4625 mm, 75.9000 mm): Pad 1 [0V9] of C16 on F.Cu
[shorting_items]: Items shorting two nets (nets I2S_BCLK and WP_IO2)
    Local override; error
    @(217.4048 mm, 74.8260 mm): Track [I2S_BCLK] on F.Cu, length 14.7050 mm
    @(226.5745 mm, 84.0255 mm): Track [WP_IO2] on F.Cu, length 0.9540 mm
[shorting_items]: Items shorting two nets (nets HLD_RST_IO3 and xSYS2_TCK)
    Local override; error
    @(208.1000 mm, 87.1000 mm): Track [HLD_RST_IO3] on F.Cu, length 5.0912 mm
    @(204.8000 mm, 83.9000 mm): Track [xSYS2_TCK] on F.Cu, length 0.1000 mm
[tracks_crossing]: Tracks crossing
    Rule: netclass 'GND'; error
    @(220.9375 mm, 85.5000 mm): Track [GND] on F.Cu, length 2.9000 mm
    @(222.5000 mm, 82.6000 mm): Track [X0D30] on F.Cu, length 2.3697 mm
[clearance]: Clearance violation (netclass 'CODEC' clearance 0.1000 mm; actual 0.0870 mm)
    Rule: netclass 'CODEC'; error
    @(194.2000 mm, 78.3000 mm): Track [I2S_RST] on F.Cu, length 4.1366 mm
    @(194.8740 mm, 77.9053 mm): Track [I2S_MCLK] on F.Cu, length 0.0149 mm
[tracks_crossing]: Tracks crossing
    Rule: netclass 'JTAG'; error
    @(212.9000 mm, 83.4000 mm): Track [SI_IO0] on F.Cu, length 1.4646 mm
    @(212.4000 mm, 83.4000 mm): Track [xSYS2_TCK] on F.Cu, length 0.1000 mm
[tracks_crossing]: Tracks crossing
    Rule: netclass 'GND'; error
    @(220.9500 mm, 90.2100 mm): Track [GND] on F.Cu, length 0.9758 mm
    @(189.7903 mm, 90.7000 mm): Track [RESET] on F.Cu, length 40.6097 mm
[tracks_crossing]: Tracks crossing
    Rule: netclass 'JTAG'; error
    @(235.0000 mm, 81.7000 mm): Track [xSYS2_TCK] on F.Cu, length 2.2627 mm
    @(233.6500 mm, 83.3000 mm): Track [xSYS2_TDI] on F.Cu, length 0.5000 mm
[shorting_items]: Items shorting two nets (nets GND and WP_IO2)
    Local override; error
    @(218.6000 mm, 84.4625 mm): Pad 2 [GND] of C22 on F.Cu
    @(219.2478 mm, 84.7000 mm): Track [WP_IO2] on F.Cu, length 0.5494 mm
[tracks_crossing]: Tracks crossing
    Rule: netclass 'POWER'; error
    @(235.8000 mm, 84.8625 mm): Track [1V8] on F.Cu, length 0.6187 mm
    @(230.4000 mm, 90.7000 mm): Track [RESET] on F.Cu, length 9.4752 mm
[shorting_items]: Items shorting two nets (nets GND and WP_IO2)
    Local override; error
    @(218.6000 mm, 84.4625 mm): Pad 2 [GND] of C22 on F.Cu
    @(225.9000 mm, 84.7000 mm): Track [WP_IO2] on F.Cu, length 6.6522 mm
[shorting_items]: Items shorting two nets (nets xSYS2_TDI and xSYS2_TMS)
    Local override; error
    @(221.8000 mm, 93.6000 mm): Track [xSYS2_TDI] on F.Cu, length 0.0500 mm
    @(222.4333 mm, 93.7000 mm): Track [xSYS2_TMS] on F.Cu, length 0.9333 mm
[tracks_crossing]: Tracks crossing
    Rule: netclass 'POWER'; error
    @(204.6375 mm, 90.5000 mm): Track [1V8] on F.Cu, length 2.6000 mm
    @(189.7903 mm, 90.7000 mm): Track [RESET] on F.Cu, length 40.6097 mm
[shorting_items]: Items shorting two nets (nets GND and WP_IO2)
    Local override; error
    @(218.6000 mm, 84.4625 mm): Pad 2 [GND] of C22 on F.Cu
    @(218.8593 mm, 85.0885 mm): Track [WP_IO2] on F.Cu, length 10.2708 mm
[tracks_crossing]: Tracks crossing
    Rule: netclass 'JTAG'; error
    @(233.4000 mm, 86.8000 mm): Track [xSYS2_TCK] on F.Cu, length 6.5054 mm
    @(230.7000 mm, 91.0500 mm): Track [xSYS2_TDI] on F.Cu, length 3.9500 mm
[tracks_crossing]: Tracks crossing
    Rule: netclass 'USB'; error
    @(235.7000 mm, 79.9000 mm): Track [1V8] on F.Cu, length 2.6772 mm
    @(234.0347 mm, 79.2848 mm): Track [D-] on F.Cu, length 15.9653 mm
[tracks_crossing]: Tracks crossing
    Rule: netclass 'GND'; error
    @(220.8375 mm, 90.0975 mm): Track [GND] on F.Cu, length 1.9975 mm
    @(212.1885 mm, 89.4885 mm): Track [I2S_DAC_DATA] on F.Cu, length 14.1230 mm
[shorting_items]: Items shorting two nets (nets GND and RESET)
    Local override; error
    @(207.7625 mm, 90.7325 mm): Track [GND] on F.Cu, length 2.0188 mm
    @(189.7903 mm, 90.7000 mm): Track [RESET] on F.Cu, length 40.6097 mm
[clearance]: Clearance violation (netclass 'CODEC' clearance 0.1000 mm; actual 0.0870 mm)
    Rule: netclass 'CODEC'; error
    @(194.2000 mm, 78.3000 mm): Track [I2S_RST] on F.Cu, length 4.1366 mm
    @(195.6654 mm, 77.0990 mm): Track [I2S_MCLK] on F.Cu, length 0.0149 mm
[clearance]: Clearance violation (netclass 'POWER' clearance 0.1000 mm; actual 0.0134 mm)
    Rule: netclass 'POWER'; error
    @(200.2250 mm, 73.4750 mm): Pad 2 [3V3] of R19 on F.Cu
    @(198.3793 mm, 74.4000 mm): Track [I2S_MCLK] on F.Cu, length 1.3550 mm
[shorting_items]: Items shorting two nets (nets I2C_SCL and I2S_MCLK)
    Local override; error
    @(225.9000 mm, 76.1154 mm): Track [I2C_SCL] on F.Cu, length 1.3924 mm
    @(224.2000 mm, 74.4000 mm): Track [I2S_MCLK] on F.Cu, length 3.5016 mm
[clearance]: Clearance violation (netclass 'CODEC' clearance 0.1000 mm; actual 0.0240 mm)
    Rule: netclass 'CODEC'; error
    @(200.9000 mm, 74.6000 mm): Track [I2S_RST] on F.Cu, length 1.7253 mm
    @(199.8104 mm, 74.4760 mm): Track [I2S_MCLK] on F.Cu, length 20.0086 mm
[shorting_items]: Items shorting two nets (nets I2S_RST and I2S_MCLK)
    Local override; error
    @(219.9652 mm, 74.4652 mm): Track [I2S_RST] on F.Cu, length 0.1250 mm
    @(219.8190 mm, 74.4760 mm): Track [I2S_MCLK] on F.Cu, length 0.1075 mm
[clearance]: Clearance violation (netclass 'JTAG' clearance 0.1000 mm; actual 0.0414 mm)
    Rule: netclass 'JTAG'; error
    @(233.4000 mm, 86.8000 mm): Track [xSYS2_TCK] on F.Cu, length 6.5054 mm
    @(233.0000 mm, 87.0000 mm): Track [xSYS2_TDI] on F.Cu, length 0.6364 mm
[clearance]: Clearance violation (netclass 'JTAG' clearance 0.1000 mm; actual 0.0768 mm)
    Rule: netclass 'JTAG'; error
    @(233.4000 mm, 86.8000 mm): Track [xSYS2_TCK] on F.Cu, length 6.5054 mm
    @(233.0500 mm, 86.8500 mm): Track [xSYS2_TDI] on F.Cu, length 0.0500 mm
[tracks_crossing]: Tracks crossing
    Rule: netclass 'USB'; error
    @(255.2900 mm, 82.8200 mm): Track [D-] on F.Cu, length 0.4667 mm
    @(254.7525 mm, 83.3800 mm): Track [D+] on F.Cu, length 1.0607 mm
[tracks_crossing]: Tracks crossing
    Rule: netclass 'USB'; error
    @(234.0347 mm, 78.7648 mm): Track [D+] on F.Cu, length 15.9653 mm
    @(235.7000 mm, 79.9000 mm): Track [1V8] on F.Cu, length 2.6772 mm
[shorting_items]: Items shorting two nets (nets 1V8 and 0V9)
    Local override; error
    @(235.0115 mm, 75.8885 mm): Track [1V8] on F.Cu, length 0.6908 mm
    @(235.6375 mm, 76.0000 mm): Pad 1 [0V9] of C25 on F.Cu
[clearance]: Clearance violation (netclass 'JTAG' clearance 0.1000 mm; actual 0.0414 mm)
    Rule: netclass 'JTAG'; error
    @(233.4000 mm, 86.8000 mm): Track [xSYS2_TCK] on F.Cu, length 6.5054 mm
    @(233.0000 mm, 86.9500 mm): Track [xSYS2_TDI] on F.Cu, length 0.0500 mm
[clearance]: Clearance violation (netclass 'POWER' clearance 0.1000 mm; actual 0.0306 mm)
    Rule: netclass 'POWER'; error
    @(168.2200 mm, 90.6000 mm): Track [1V8] on F.Cu, length 7.3539 mm
    @(170.6375 mm, 86.6525 mm): Pad 1 [3V3] of C38 on F.Cu
[shorting_items]: Items shorting two nets (nets 1V8 and 0V9)
    Local override; error
    @(235.5000 mm, 75.4000 mm): Track [1V8] on F.Cu, length 0.3000 mm
    @(235.6375 mm, 76.0000 mm): Pad 1 [0V9] of C25 on F.Cu
[clearance]: Clearance violation (netclass 'POWER' clearance 0.1000 mm; actual 0.0500 mm)
    Rule: netclass 'POWER'; error
    @(238.7625 mm, 76.0000 mm): Pad 2 [GND] of C25 on F.Cu
    @(237.9228 mm, 75.0000 mm): Track [1V8] on F.Cu, length 1.9772 mm
[shorting_items]: Items shorting two nets (nets 1V8 and 0V9)
    Local override; error
    @(235.8000 mm, 75.4000 mm): Track [1V8] on F.Cu, length 0.8485 mm
    @(235.6375 mm, 76.0000 mm): Pad 1 [0V9] of C25 on F.Cu
[clearance]: Clearance violation (netclass 'USB' clearance 0.1000 mm; actual 0.0600 mm)
    Rule: netclass 'USB'; error
    @(250.7500 mm, 79.0500 mm): Pad 3 [GND] of U6 on F.Cu
    @(250.2150 mm, 78.7900 mm): Track [D+] on F.Cu, length 0.9627 mm
[shorting_items]: Items shorting two nets (nets 1V8 and 0V9)
    Local override; error
    @(235.0115 mm, 77.0885 mm): Track [1V8] on F.Cu, length 1.2000 mm
    @(235.6375 mm, 76.0000 mm): Pad 1 [0V9] of C25 on F.Cu
[shorting_items]: Items shorting two nets (nets 1V8 and 0V9)
    Local override; error
    @(235.7000 mm, 77.2228 mm): Track [1V8] on F.Cu, length 3.1435 mm
    @(235.6375 mm, 76.0000 mm): Pad 1 [0V9] of C25 on F.Cu
[tracks_crossing]: Tracks crossing
    Rule: netclass 'POWER'; error
    @(237.0000 mm, 79.8000 mm): Track [0V9] on F.Cu, length 1.9498 mm
    @(235.7000 mm, 79.9000 mm): Track [1V8] on F.Cu, length 2.6772 mm
[clearance]: Clearance violation (netclass 'GND' clearance 0.1000 mm; actual 0.0947 mm)
    Rule: netclass 'GND'; error
    @(220.9375 mm, 82.6000 mm): Pad 2 [GND] of C21 on F.Cu
    @(220.1303 mm, 82.6000 mm): Track [X0D30] on F.Cu, length 0.2187 mm
[tracks_crossing]: Tracks crossing
    Rule: netclass 'FLASH'; error
    @(215.8500 mm, 79.3000 mm): Track [CS] on F.Cu, length 4.6500 mm
    @(219.8211 mm, 82.6000 mm): Track [X0D30] on F.Cu, length 6.7211 mm
[tracks_crossing]: Tracks crossing
    Rule: netclass 'Default'; error
    @(219.8281 mm, 83.8000 mm): Track [X0D43] on F.Cu, length 1.5281 mm
    @(219.9757 mm, 82.7546 mm): Track [X0D30] on F.Cu, length 0.2187 mm
[shorting_items]: Items shorting two nets (nets GND and X0D30)
    Local override; error
    @(220.9375 mm, 82.6000 mm): Pad 2 [GND] of C21 on F.Cu
    @(222.5000 mm, 82.6000 mm): Track [X0D30] on F.Cu, length 2.3697 mm
[tracks_crossing]: Tracks crossing
    Rule: netclass 'CODEC'; error
    @(225.6000 mm, 82.0000 mm): Track [X0D30] on F.Cu, length 2.5000 mm
    @(217.4048 mm, 74.8260 mm): Track [I2S_BCLK] on F.Cu, length 14.7050 mm
[shorting_items]: Items shorting two nets (nets 3V3 and 0V9)
    Local override; error
    @(230.6997 mm, 77.9502 mm): Track [3V3] on F.Cu, length 0.3499 mm
    @(230.6997 mm, 78.6660 mm): Track [0V9] on F.Cu, length 2.9657 mm
[tracks_crossing]: Tracks crossing
    Rule: netclass 'POWER'; error
    @(218.3000 mm, 77.8832 mm): Track [I2S_ADC_DATA] on F.Cu, length 4.8322 mm
    @(227.4247 mm, 80.8251 mm): Track [3V3] on F.Cu, length 8.3123 mm
[tracks_crossing]: Tracks crossing
    Rule: netclass 'POWER'; error
    @(198.9500 mm, 90.0375 mm): Track [3V3] on F.Cu, length 1.4319 mm
    @(189.7903 mm, 90.7000 mm): Track [RESET] on F.Cu, length 40.6097 mm
[silk_edge_clearance]: Silkscreen clipped by board edge (board setup constraints silk clearance 0.2000 mm; actual 0.1000 mm)
    Rule: board setup constraints silk; warning
    @(151.0500 mm, 97.8882 mm): Segment on Edge.Cuts
    @(150.9500 mm, 80.4000 mm): Dimension '107.8' on F.Silkscreen
[silk_edge_clearance]: Silkscreen clipped by board edge (board setup constraints silk clearance 0.2000 mm; actual 0.0000 mm)
    Rule: board setup constraints silk; warning
    @(151.0500 mm, 97.8882 mm): Segment on Edge.Cuts
    @(152.2000 mm, 80.4000 mm): Segment of J3_IN1 on F.Silkscreen
[silk_edge_clearance]: Silkscreen clipped by board edge (board setup constraints silk clearance 0.2000 mm; actual 0.0000 mm)
    Rule: board setup constraints silk; warning
    @(151.0500 mm, 97.8882 mm): Segment on Edge.Cuts
    @(152.2000 mm, 85.4000 mm): Segment of J3_IN1 on F.Silkscreen
[silk_edge_clearance]: Silkscreen clipped by board edge (board setup constraints silk clearance 0.2000 mm; actual 0.0000 mm)
    Rule: board setup constraints silk; warning
    @(151.0500 mm, 97.8882 mm): Segment on Edge.Cuts
    @(152.4000 mm, 70.1000 mm): Segment of J4_OUT1 on F.Silkscreen
[silk_edge_clearance]: Silkscreen clipped by board edge (board setup constraints silk clearance 0.2000 mm; actual 0.0000 mm)
    Rule: board setup constraints silk; warning
    @(151.0500 mm, 97.8882 mm): Segment on Edge.Cuts
    @(152.4000 mm, 75.1000 mm): Segment of J4_OUT1 on F.Silkscreen
[text_thickness]: Text thickness out of range (board setup constraints silk text thickness min thickness 0.0800 mm; actual 0.0625 mm)
    Rule: board setup constraints silk text thickness; warning
    @(161.1900 mm, 88.8900 mm): PCB text '3V3' on F.Silkscreen
[text_height]: Text height out of range (board setup constraints silk text height min height 0.8000 mm; actual 0.5000 mm)
    Rule: board setup constraints silk text height; warning
    @(161.1900 mm, 88.8900 mm): PCB text '3V3' on F.Silkscreen
[text_thickness]: Text thickness out of range (board setup constraints silk text thickness min thickness 0.0800 mm; actual 0.0625 mm)
    Rule: board setup constraints silk text thickness; warning
    @(156.3300 mm, 89.3100 mm): PCB text 'GND	' on F.Silkscreen
[text_height]: Text height out of range (board setup constraints silk text height min height 0.8000 mm; actual 0.5000 mm)
    Rule: board setup constraints silk text height; warning
    @(156.3300 mm, 89.3100 mm): PCB text 'GND	' on F.Silkscreen
[text_height]: Text height out of range (board setup constraints silk text height min height 0.8000 mm; actual 0.5000 mm)
    Rule: board setup constraints silk text height; warning
    @(168.9650 mm, 92.1879 mm): PCB text 'TMS' on F.Silkscreen
[text_thickness]: Text thickness out of range (board setup constraints silk text thickness min thickness 0.0800 mm; actual 0.0625 mm)
    Rule: board setup constraints silk text thickness; warning
    @(157.3000 mm, 93.0000 mm): PCB text 'UP1' on F.Silkscreen
[text_height]: Text height out of range (board setup constraints silk text height min height 0.8000 mm; actual 0.5000 mm)
    Rule: board setup constraints silk text height; warning
    @(157.3000 mm, 93.0000 mm): PCB text 'UP1' on F.Silkscreen
[text_thickness]: Text thickness out of range (board setup constraints silk text thickness min thickness 0.0800 mm; actual 0.0625 mm)
    Rule: board setup constraints silk text thickness; warning
    @(167.5000 mm, 89.2200 mm): PCB text '1V8
' on F.Silkscreen
[text_height]: Text height out of range (board setup constraints silk text height min height 0.8000 mm; actual 0.5000 mm)
    Rule: board setup constraints silk text height; warning
    @(167.5000 mm, 89.2200 mm): PCB text '1V8
' on F.Silkscreen
[text_height]: Text height out of range (board setup constraints silk text height min height 0.8000 mm; actual 0.7000 mm)
    Rule: board setup constraints silk text height; warning
    @(175.4000 mm, 83.6000 mm): Reference field of C49
[text_height]: Text height out of range (board setup constraints silk text height min height 0.8000 mm; actual 0.7000 mm)
    Rule: board setup constraints silk text height; warning
    @(219.4000 mm, 79.6000 mm): Reference field of C19
[text_height]: Text height out of range (board setup constraints silk text height min height 0.8000 mm; actual 0.7000 mm)
    Rule: board setup constraints silk text height; warning
    @(157.4500 mm, 86.7525 mm): Reference field of R2
[text_height]: Text height out of range (board setup constraints silk text height min height 0.8000 mm; actual 0.7000 mm)
    Rule: board setup constraints silk text height; warning
    @(172.7375 mm, 69.0500 mm): Reference field of C46
[text_height]: Text height out of range (board setup constraints silk text height min height 0.8000 mm; actual 0.7000 mm)
    Rule: board setup constraints silk text height; warning
    @(180.5125 mm, 75.4300 mm): Reference field of R20
[text_height]: Text height out of range (board setup constraints silk text height min height 0.8000 mm; actual 0.7000 mm)
    Rule: board setup constraints silk text height; warning
    @(216.7000 mm, 82.9000 mm): Reference field of C22
[text_height]: Text height out of range (board setup constraints silk text height min height 0.8000 mm; actual 0.7000 mm)
    Rule: board setup constraints silk text height; warning
    @(253.0000 mm, 89.5000 mm): Reference field of C9
[text_height]: Text height out of range (board setup constraints silk text height min height 0.8000 mm; actual 0.7000 mm)
    Rule: board setup constraints silk text height; warning
    @(222.1625 mm, 75.9000 mm): Reference field of C16
[text_height]: Text height out of range (board setup constraints silk text height min height 0.8000 mm; actual 0.7000 mm)
    Rule: board setup constraints silk text height; warning
    @(203.8625 mm, 86.4750 mm): Reference field of C44
[text_height]: Text height out of range (board setup constraints silk text height min height 0.8000 mm; actual 0.7000 mm)
    Rule: board setup constraints silk text height; warning
    @(167.8000 mm, 85.7000 mm): Reference field of TP3V3+1
[text_height]: Text height out of range (board setup constraints silk text height min height 0.8000 mm; actual 0.7000 mm)
    Rule: board setup constraints silk text height; warning
    @(251.7500 mm, 79.0500 mm): Reference field of U6
[text_height]: Text height out of range (board setup constraints silk text height min height 0.8000 mm; actual 0.7000 mm)
    Rule: board setup constraints silk text height; warning
    @(258.0000 mm, 75.8000 mm): Reference field of R29
[text_height]: Text height out of range (board setup constraints silk text height min height 0.8000 mm; actual 0.7000 mm)
    Rule: board setup constraints silk text height; warning
    @(237.5000 mm, 68.7000 mm): Reference field of C27
[text_height]: Text height out of range (board setup constraints silk text height min height 0.8000 mm; actual 0.7000 mm)
    Rule: board setup constraints silk text height; warning
    @(191.0625 mm, 69.1700 mm): Reference field of R23
[text_height]: Text height out of range (board setup constraints silk text height min height 0.8000 mm; actual 0.7000 mm)
    Rule: board setup constraints silk text height; warning
    @(215.5000 mm, 97.8000 mm): Reference field of C2
[text_height]: Text height out of range (board setup constraints silk text height min height 0.8000 mm; actual 0.7000 mm)
    Rule: board setup constraints silk text height; warning
    @(258.0000 mm, 73.2000 mm): Reference field of R28
[text_height]: Text height out of range (board setup constraints silk text height min height 0.8000 mm; actual 0.7000 mm)
    Rule: board setup constraints silk text height; warning
    @(242.6000 mm, 71.9500 mm): Reference field of C14
[text_height]: Text height out of range (board setup constraints silk text height min height 0.8000 mm; actual 0.7000 mm)
    Rule: board setup constraints silk text height; warning
    @(227.9000 mm, 69.1625 mm): Reference field of C17
[text_height]: Text height out of range (board setup constraints silk text height min height 0.8000 mm; actual 0.7000 mm)
    Rule: board setup constraints silk text height; warning
    @(185.8375 mm, 69.1000 mm): Reference field of C47
[text_height]: Text height out of range (board setup constraints silk text height min height 0.8000 mm; actual 0.7000 mm)
    Rule: board setup constraints silk text height; warning
    @(192.0000 mm, 89.8000 mm): Reference field of C4
[text_height]: Text height out of range (board setup constraints silk text height min height 0.8000 mm; actual 0.7000 mm)
    Rule: board setup constraints silk text height; warning
    @(231.4000 mm, 93.6000 mm): Reference field of C33
[text_height]: Text height out of range (board setup constraints silk text height min height 0.8000 mm; actual 0.7000 mm)
    Rule: board setup constraints silk text height; warning
    @(153.5500 mm, 88.2000 mm): Reference field of R1
[text_height]: Text height out of range (board setup constraints silk text height min height 0.8000 mm; actual 0.7000 mm)
    Rule: board setup constraints silk text height; warning
    @(202.2000 mm, 91.6000 mm): Reference field of C5
[text_height]: Text height out of range (board setup constraints silk text height min height 0.8000 mm; actual 0.7000 mm)
    Rule: board setup constraints silk text height; warning
    @(226.5000 mm, 98.5000 mm): Reference field of U3
[text_height]: Text height out of range (board setup constraints silk text height min height 0.8000 mm; actual 0.7000 mm)
    Rule: board setup constraints silk text height; warning
    @(200.1000 mm, 75.7000 mm): Reference field of C40
[text_height]: Text height out of range (board setup constraints silk text height min height 0.8000 mm; actual 0.7000 mm)
    Rule: board setup constraints silk text height; warning
    @(234.8000 mm, 85.3000 mm): Reference field of C13
[text_height]: Text height out of range (board setup constraints silk text height min height 0.8000 mm; actual 0.7000 mm)
    Rule: board setup constraints silk text height; warning
    @(243.8000 mm, 81.1000 mm): Reference field of R3
[text_height]: Text height out of range (board setup constraints silk text height min height 0.8000 mm; actual 0.7000 mm)
    Rule: board setup constraints silk text height; warning
    @(218.8000 mm, 85.4000 mm): Reference field of C23
[text_height]: Text height out of range (board setup constraints silk text height min height 0.8000 mm; actual 0.7000 mm)
    Rule: board setup constraints silk text height; warning
    @(175.4000 mm, 76.7400 mm): Reference field of C50
[text_height]: Text height out of range (board setup constraints silk text height min height 0.8000 mm; actual 0.7000 mm)
    Rule: board setup constraints silk text height; warning
    @(245.1000 mm, 90.5000 mm): Reference field of TPOSC1
[text_height]: Text height out of range (board setup constraints silk text height min height 0.8000 mm; actual 0.7000 mm)
    Rule: board setup constraints silk text height; warning
    @(246.1000 mm, 84.5000 mm): Reference field of C8
[text_height]: Text height out of range (board setup constraints silk text height min height 0.8000 mm; actual 0.7000 mm)
    Rule: board setup constraints silk text height; warning
    @(232.4500 mm, 72.3000 mm): Reference field of C20
[text_height]: Text height out of range (board setup constraints silk text height min height 0.8000 mm; actual 0.7000 mm)
    Rule: board setup constraints silk text height; warning
    @(247.8000 mm, 91.6000 mm): Reference field of C10
[text_height]: Text height out of range (board setup constraints silk text height min height 0.8000 mm; actual 0.7000 mm)
    Rule: board setup constraints silk text height; warning
    @(253.3000 mm, 76.3000 mm): Reference field of D2
[text_height]: Text height out of range (board setup constraints silk text height min height 0.8000 mm; actual 0.7000 mm)
    Rule: board setup constraints silk text height; warning
    @(214.2725 mm, 77.7550 mm): Reference field of R6
[text_height]: Text height out of range (board setup constraints silk text height min height 0.8000 mm; actual 0.7000 mm)
    Rule: board setup constraints silk text height; warning
    @(191.0000 mm, 98.9000 mm): Reference field of C29
[text_height]: Text height out of range (board setup constraints silk text height min height 0.8000 mm; actual 0.7000 mm)
    Rule: board setup constraints silk text height; warning
    @(254.9000 mm, 92.1000 mm): Reference field of F1
[text_height]: Text height out of range (board setup constraints silk text height min height 0.8000 mm; actual 0.7000 mm)
    Rule: board setup constraints silk text height; warning
    @(169.6000 mm, 74.9000 mm): Reference field of R21
[text_height]: Text height out of range (board setup constraints silk text height min height 0.8000 mm; actual 0.7000 mm)
    Rule: board setup constraints silk text height; warning
    @(195.9625 mm, 71.2750 mm): Reference field of C39
[text_height]: Text height out of range (board setup constraints silk text height min height 0.8000 mm; actual 0.7000 mm)
    Rule: board setup constraints silk text height; warning
    @(185.8500 mm, 75.6500 mm): Reference field of C48
[text_height]: Text height out of range (board setup constraints silk text height min height 0.8000 mm; actual 0.7000 mm)
    Rule: board setup constraints silk text height; warning
    @(170.1000 mm, 83.4000 mm): Reference field of R25
[text_height]: Text height out of range (board setup constraints silk text height min height 0.8000 mm; actual 0.7000 mm)
    Rule: board setup constraints silk text height; warning
    @(168.9000 mm, 77.1000 mm): Reference field of R27
[text_height]: Text height out of range (board setup constraints silk text height min height 0.8000 mm; actual 0.7000 mm)
    Rule: board setup constraints silk text height; warning
    @(233.8000 mm, 93.6000 mm): Reference field of C34
[text_height]: Text height out of range (board setup constraints silk text height min height 0.8000 mm; actual 0.7000 mm)
    Rule: board setup constraints silk text height; warning
    @(218.8000 mm, 82.6000 mm): Reference field of C21
[text_height]: Text height out of range (board setup constraints silk text height min height 0.8000 mm; actual 0.7000 mm)
    Rule: board setup constraints silk text height; warning
    @(211.6625 mm, 88.5000 mm): Reference field of C6
[text_height]: Text height out of range (board setup constraints silk text height min height 0.8000 mm; actual 0.7000 mm)
    Rule: board setup constraints silk text height; warning
    @(202.6000 mm, 73.3900 mm): Reference field of R19
[text_height]: Text height out of range (board setup constraints silk text height min height 0.8000 mm; actual 0.7000 mm)
    Rule: board setup constraints silk text height; warning
    @(221.9000 mm, 91.5000 mm): Reference field of R9
[text_height]: Text height out of range (board setup constraints silk text height min height 0.8000 mm; actual 0.7000 mm)
    Rule: board setup constraints silk text height; warning
    @(196.8000 mm, 89.6000 mm): Reference field of U4
[text_height]: Text height out of range (board setup constraints silk text height min height 0.8000 mm; actual 0.7000 mm)
    Rule: board setup constraints silk text height; warning
    @(162.6500 mm, 81.2000 mm): Reference field of J3_IN1
[text_height]: Text height out of range (board setup constraints silk text height min height 0.8000 mm; actual 0.7000 mm)
    Rule: board setup constraints silk text height; warning
    @(202.3800 mm, 93.1500 mm): Reference field of C31
[text_height]: Text height out of range (board setup constraints silk text height min height 0.8000 mm; actual 0.7000 mm)
    Rule: board setup constraints silk text height; warning
    @(237.8000 mm, 89.4000 mm): Reference field of C32
[text_height]: Text height out of range (board setup constraints silk text height min height 0.8000 mm; actual 0.7000 mm)
    Rule: board setup constraints silk text height; warning
    @(251.4525 mm, 83.1300 mm): Reference field of J1
[text_height]: Text height out of range (board setup constraints silk text height min height 0.8000 mm; actual 0.7000 mm)
    Rule: board setup constraints silk text height; warning
    @(163.0500 mm, 71.0000 mm): Reference field of J4_OUT1
[text_height]: Text height out of range (board setup constraints silk text height min height 0.8000 mm; actual 0.7000 mm)
    Rule: board setup constraints silk text height; warning
    @(185.1000 mm, 85.5000 mm): Reference field of TP1V8+1
[text_height]: Text height out of range (board setup constraints silk text height min height 0.8000 mm; actual 0.7000 mm)
    Rule: board setup constraints silk text height; warning
    @(216.8000 mm, 91.6000 mm): Reference field of C3
[text_height]: Text height out of range (board setup constraints silk text height min height 0.8000 mm; actual 0.7000 mm)
    Rule: board setup constraints silk text height; warning
    @(224.3000 mm, 72.5000 mm): Reference field of TP0V9+1
[text_height]: Text height out of range (board setup constraints silk text height min height 0.8000 mm; actual 0.7000 mm)
    Rule: board setup constraints silk text height; warning
    @(233.5750 mm, 95.7625 mm): Reference field of J3
[text_height]: Text height out of range (board setup constraints silk text height min height 0.8000 mm; actual 0.7000 mm)
    Rule: board setup constraints silk text height; warning
    @(246.3000 mm, 73.1000 mm): Reference field of D1
[text_height]: Text height out of range (board setup constraints silk text height min height 0.8000 mm; actual 0.7000 mm)
    Rule: board setup constraints silk text height; warning
    @(188.7625 mm, 76.0750 mm): Reference field of C41
[text_height]: Text height out of range (board setup constraints silk text height min height 0.8000 mm; actual 0.7000 mm)
    Rule: board setup constraints silk text height; warning
    @(243.8000 mm, 80.5000 mm): Reference field of C15
[text_height]: Text height out of range (board setup constraints silk text height min height 0.8000 mm; actual 0.7000 mm)
    Rule: board setup constraints silk text height; warning
    @(175.2750 mm, 75.4500 mm): Reference field of C45
[text_height]: Text height out of range (board setup constraints silk text height min height 0.8000 mm; actual 0.7000 mm)
    Rule: board setup constraints silk text height; warning
    @(202.3000 mm, 95.8000 mm): Reference field of C37
[text_height]: Text height out of range (board setup constraints silk text height min height 0.8000 mm; actual 0.7000 mm)
    Rule: board setup constraints silk text height; warning
    @(207.5000 mm, 84.6000 mm): Reference field of C11
[text_height]: Text height out of range (board setup constraints silk text height min height 0.8000 mm; actual 0.7000 mm)
    Rule: board setup constraints silk text height; warning
    @(213.0000 mm, 84.4300 mm): Reference field of R7
[text_height]: Text height out of range (board setup constraints silk text height min height 0.8000 mm; actual 0.7000 mm)
    Rule: board setup constraints silk text height; warning
    @(180.5500 mm, 76.7400 mm): Reference field of R26
[text_height]: Text height out of range (board setup constraints silk text height min height 0.8000 mm; actual 0.7000 mm)
    Rule: board setup constraints silk text height; warning
    @(180.6000 mm, 83.6000 mm): Reference field of R24
[text_height]: Text height out of range (board setup constraints silk text height min height 0.8000 mm; actual 0.7000 mm)
    Rule: board setup constraints silk text height; warning
    @(231.2000 mm, 68.7000 mm): Reference field of C24
[text_height]: Text height out of range (board setup constraints silk text height min height 0.8000 mm; actual 0.7000 mm)
    Rule: board setup constraints silk text height; warning
    @(211.6000 mm, 96.6200 mm): Reference field of U5
[text_height]: Text height out of range (board setup constraints silk text height min height 0.8000 mm; actual 0.7000 mm)
    Rule: board setup constraints silk text height; warning
    @(227.2375 mm, 90.9000 mm): Reference field of C12
[text_height]: Text height out of range (board setup constraints silk text height min height 0.8000 mm; actual 0.7000 mm)
    Rule: board setup constraints silk text height; warning
    @(237.2000 mm, 74.1500 mm): Reference field of C25
[text_height]: Text height out of range (board setup constraints silk text height min height 0.8000 mm; actual 0.7000 mm)
    Rule: board setup constraints silk text height; warning
    @(228.7375 mm, 93.6000 mm): Reference field of C18
[text_height]: Text height out of range (board setup constraints silk text height min height 0.8000 mm; actual 0.7000 mm)
    Rule: board setup constraints silk text height; warning
    @(203.3000 mm, 80.0000 mm): Reference field of C42
[text_height]: Text height out of range (board setup constraints silk text height min height 0.8000 mm; actual 0.7000 mm)
    Rule: board setup constraints silk text height; warning
    @(200.2625 mm, 84.6750 mm): Reference field of C43
[text_height]: Text height out of range (board setup constraints silk text height min height 0.8000 mm; actual 0.7000 mm)
    Rule: board setup constraints silk text height; warning
    @(186.1625 mm, 77.2750 mm): Reference field of R18
[text_height]: Text height out of range (board setup constraints silk text height min height 0.8000 mm; actual 0.7000 mm)
    Rule: board setup constraints silk text height; warning
    @(193.3625 mm, 82.5750 mm): Reference field of U9
[text_height]: Text height out of range (board setup constraints silk text height min height 0.8000 mm; actual 0.7000 mm)
    Rule: board setup constraints silk text height; warning
    @(245.2000 mm, 87.7000 mm): Reference field of R4
[text_height]: Text height out of range (board setup constraints silk text height min height 0.8000 mm; actual 0.7000 mm)
    Rule: board setup constraints silk text height; warning
    @(195.3000 mm, 95.7625 mm): Reference field of C30
[text_height]: Text height out of range (board setup constraints silk text height min height 0.8000 mm; actual 0.7000 mm)
    Rule: board setup constraints silk text height; warning
    @(233.3000 mm, 95.9000 mm): Reference field of L1
[text_height]: Text height out of range (board setup constraints silk text height min height 0.8000 mm; actual 0.7000 mm)
    Rule: board setup constraints silk text height; warning
    @(243.3000 mm, 82.8000 mm): Reference field of C28
[text_height]: Text height out of range (board setup constraints silk text height min height 0.8000 mm; actual 0.7000 mm)
    Rule: board setup constraints silk text height; warning
    @(221.9000 mm, 97.9050 mm): Reference field of R17
[text_height]: Text height out of range (board setup constraints silk text height min height 0.8000 mm; actual 0.7000 mm)
    Rule: board setup constraints silk text height; warning
    @(206.2000 mm, 88.6500 mm): Reference field of C7
[text_height]: Text height out of range (board setup constraints silk text height min height 0.8000 mm; actual 0.7000 mm)
    Rule: board setup constraints silk text height; warning
    @(210.4050 mm, 70.4000 mm): Reference field of J2
[text_height]: Text height out of range (board setup constraints silk text height min height 0.8000 mm; actual 0.7000 mm)
    Rule: board setup constraints silk text height; warning
    @(186.1000 mm, 83.6000 mm): Reference field of R8
[text_height]: Text height out of range (board setup constraints silk text height min height 0.8000 mm; actual 0.7000 mm)
    Rule: board setup constraints silk text height; warning
    @(180.5125 mm, 68.8000 mm): Reference field of R22
[starved_thermal]: Thermal relief connection to zone incomplete (layer In1.Cu; zone min spoke count 2; actual 1)
    Local override; warning
    @(150.1000 mm, 61.8200 mm): Zone [GND] on In1.Cu, priority 1
    @(166.9500 mm, 90.6000 mm): PTH pad 3 [GND] of U8
[starved_thermal]: Thermal relief connection to zone incomplete (layer F.Cu; zone min spoke count 2; actual 1)
    Local override; warning
    @(148.3000 mm, 61.6000 mm): Zone [0V9] on F.Cu and B.Cu, priority 0
    @(227.4625 mm, 75.9000 mm): Pad 1 [0V9] of C16 on F.Cu
[starved_thermal]: Thermal relief connection to zone incomplete (layer In1.Cu; zone min spoke count 2; actual 1)
    Local override; warning
    @(150.1000 mm, 61.8200 mm): Zone [GND] on In1.Cu, priority 1
    @(163.1400 mm, 90.6000 mm): PTH pad 9 [GND] of U8
[starved_thermal]: Thermal relief connection to zone incomplete (layer In1.Cu; zone min spoke count 2; actual 1)
    Local override; warning
    @(150.1000 mm, 61.8200 mm): Zone [GND] on In1.Cu, priority 1
    @(160.6000 mm, 90.6000 mm): PTH pad 13 [GND] of U8
[starved_thermal]: Thermal relief connection to zone incomplete (layer F.Cu; zone min spoke count 2; actual 1)
    Local override; warning
    @(148.3000 mm, 61.6000 mm): Zone [0V9] on F.Cu and B.Cu, priority 0
    @(238.6375 mm, 80.5000 mm): Pad 1 [0V9] of C15 on F.Cu
[starved_thermal]: Thermal relief connection to zone incomplete (layer F.Cu; zone min spoke count 2; actual 1)
    Local override; warning
    @(148.3000 mm, 61.6000 mm): Zone [0V9] on F.Cu and B.Cu, priority 0
    @(229.0995 mm, 84.5000 mm): Pad 4 [0V9] of U2 on F.Cu
[starved_thermal]: Thermal relief connection to zone incomplete (layer F.Cu; zone min spoke count 2; actual 1)
    Local override; warning
    @(148.3000 mm, 61.6000 mm): Zone [0V9] on F.Cu and B.Cu, priority 0
    @(233.9747 mm, 79.6249 mm): Pad 27 [0V9] of U2 on F.Cu
[starved_thermal]: Thermal relief connection to zone incomplete (layer F.Cu; zone min spoke count 2; actual 1)
    Local override; warning
    @(148.3000 mm, 61.6000 mm): Zone [0V9] on F.Cu and B.Cu, priority 0
    @(232.2999 mm, 77.9502 mm): Pad 34 [0V9] of U2 on F.Cu
[starved_thermal]: Thermal relief connection to zone incomplete (layer F.Cu; zone min spoke count 2; actual 1)
    Local override; warning
    @(148.3000 mm, 61.6000 mm): Zone [0V9] on F.Cu and B.Cu, priority 0
    @(229.0995 mm, 77.9502 mm): Pad 42 [0V9] of U2 on F.Cu
[starved_thermal]: Thermal relief connection to zone incomplete (layer F.Cu; zone min spoke count 2; actual 1)
    Local override; warning
    @(148.3000 mm, 61.6000 mm): Zone [0V9] on F.Cu and B.Cu, priority 0
    @(233.2587 mm, 81.2251 mm): Pad 62 [0V9] of U2 on F.Cu
[silk_over_copper]: Silkscreen clipped by solder mask
    Local override; warning
    @(253.0000 mm, 89.5000 mm): Reference field of C9
[silk_over_copper]: Silkscreen clipped by solder mask
    Local override; warning
    @(237.8750 mm, 91.6500 mm): Reference field of FB1
[silk_over_copper]: Silkscreen clipped by solder mask
    Local override; warning
    @(218.8000 mm, 85.4000 mm): Reference field of C23
[silk_over_copper]: Silkscreen clipped by solder mask
    Local override; warning
    @(245.1000 mm, 90.5000 mm): Reference field of TPOSC1
[silk_over_copper]: Silkscreen clipped by solder mask
    Local override; warning
    @(253.3000 mm, 76.3000 mm): Reference field of D2
[silk_over_copper]: Silkscreen clipped by solder mask
    Local override; warning
    @(221.9000 mm, 91.5000 mm): Reference field of R9
[silk_over_copper]: Silkscreen clipped by solder mask
    Local override; warning
    @(152.2000 mm, 80.4000 mm): Segment of J3_IN1 on F.Silkscreen
[silk_over_copper]: Silkscreen clipped by solder mask
    Local override; warning
    @(166.7000 mm, 85.4000 mm): Segment of J3_IN1 on F.Silkscreen
[silk_over_copper]: Silkscreen clipped by solder mask
    Local override; warning
    @(237.8000 mm, 89.4000 mm): Reference field of C32
[silk_over_copper]: Silkscreen clipped by solder mask
    Local override; warning
    @(152.4000 mm, 70.1000 mm): Segment of J4_OUT1 on F.Silkscreen
[silk_over_copper]: Silkscreen clipped by solder mask
    Local override; warning
    @(166.9000 mm, 75.1000 mm): Segment of J4_OUT1 on F.Silkscreen
[silk_over_copper]: Silkscreen clipped by solder mask
    Local override; warning
    @(224.3000 mm, 72.5000 mm): Reference field of TP0V9+1
[silk_over_copper]: Silkscreen clipped by solder mask
    Local override; warning
    @(243.8000 mm, 80.5000 mm): Reference field of C15
[silk_over_copper]: Silkscreen clipped by solder mask
    Local override; warning
    @(230.6997 mm, 81.2251 mm): Reference field of U2
[silk_over_copper]: Silkscreen clipped by solder mask
    Local override; warning
    @(237.2000 mm, 74.1500 mm): Reference field of C25
[silk_over_copper]: Silkscreen clipped by solder mask
    Local override; warning
    @(222.4000 mm, 89.9500 mm): Reference field of C26
[silk_over_copper]: Silkscreen clipped by solder mask
    Local override; warning
    @(190.0305 mm, 94.9657 mm): Polygon of G*** on B.Silkscreen
[silk_overlap]: Silkscreen overlap (board setup constraints silk clearance 0.2000 mm; actual 0.1170 mm)
    Rule: board setup constraints silk; warning
    @(161.1900 mm, 88.8900 mm): PCB text '3V3' on F.Silkscreen
    @(160.8000 mm, 89.0000 mm): Rectangle on F.Silkscreen
[silk_overlap]: Silkscreen overlap (board setup constraints silk clearance 0.2000 mm; actual 0.0000 mm)
    Rule: board setup constraints silk; warning
    @(167.4100 mm, 89.4200 mm): Segment of U8 on F.Silkscreen
    @(160.8000 mm, 89.0000 mm): Rectangle on F.Silkscreen
[silk_overlap]: Silkscreen overlap (board setup constraints silk clearance 0.2000 mm; actual 0.1308 mm)
    Rule: board setup constraints silk; warning
    @(156.3300 mm, 89.3100 mm): PCB text 'GND	' on F.Silkscreen
    @(167.4100 mm, 89.4200 mm): Segment of U8 on F.Silkscreen
[silk_overlap]: Silkscreen overlap (board setup constraints silk clearance 0.2000 mm; actual 0.1500 mm)
    Rule: board setup constraints silk; warning
    @(168.9650 mm, 92.1879 mm): PCB text 'TMS' on F.Silkscreen
    @(168.9650 mm, 92.1879 mm): Segment of U8 on F.Silkscreen
[silk_overlap]: Silkscreen overlap (board setup constraints silk clearance 0.2000 mm; actual 0.0708 mm)
    Rule: board setup constraints silk; warning
    @(168.9650 mm, 93.0500 mm): Segment of U8 on F.Silkscreen
    @(157.3000 mm, 93.0000 mm): PCB text 'UP1' on F.Silkscreen
[silk_overlap]: Silkscreen overlap (board setup constraints silk clearance 0.2000 mm; actual 0.1732 mm)
    Rule: board setup constraints silk; warning
    @(168.2200 mm, 89.4200 mm): Segment of U8 on F.Silkscreen
    @(167.5000 mm, 89.2200 mm): PCB text '1V8
' on F.Silkscreen
[silk_overlap]: Silkscreen overlap (board setup constraints silk clearance 0.2000 mm; actual 0.0650 mm)
    Rule: board setup constraints silk; warning
    @(247.5150 mm, 77.8850 mm): Segment of D2 on F.Silkscreen
    @(249.8950 mm, 78.2900 mm): Polygon of U6 on F.Silkscreen
[silk_overlap]: Silkscreen overlap (board setup constraints silk clearance 0.2000 mm; actual 0.0000 mm)
    Rule: board setup constraints silk; warning
    @(239.0113 mm, 91.3900 mm): Segment of C36 on F.Silkscreen
    @(237.8750 mm, 91.6500 mm): Reference field of FB1
[silk_overlap]: Silkscreen overlap (board setup constraints silk clearance 0.2000 mm; actual 0.1523 mm)
    Rule: board setup constraints silk; warning
    @(231.4000 mm, 93.6000 mm): Reference field of C33
    @(228.7050 mm, 97.8400 mm): Rectangle of L1 on F.Silkscreen
[silk_overlap]: Silkscreen overlap (board setup constraints silk clearance 0.2000 mm; actual 0.1190 mm)
    Rule: board setup constraints silk; warning
    @(228.7375 mm, 93.6000 mm): Reference field of C18
    @(228.7050 mm, 97.8400 mm): Rectangle of L1 on F.Silkscreen
[silk_overlap]: Silkscreen overlap (board setup constraints silk clearance 0.2000 mm; actual 0.0847 mm)
    Rule: board setup constraints silk; warning
    @(233.3000 mm, 95.9000 mm): Reference field of L1
    @(233.5750 mm, 95.7625 mm): Reference field of J3
[silk_overlap]: Silkscreen overlap (board setup constraints silk clearance 0.2000 mm; actual 0.0000 mm)
    Rule: board setup constraints silk; warning
    @(236.1300 mm, 94.6025 mm): Segment of J3 on F.Silkscreen
    @(242.6000 mm, 94.7000 mm): Reference field of Y2
[silk_overlap]: Silkscreen overlap (board setup constraints silk clearance 0.2000 mm; actual 0.0000 mm)
    Rule: board setup constraints silk; warning
    @(236.1300 mm, 94.6025 mm): Segment of J3 on F.Silkscreen
    @(238.3000 mm, 94.1500 mm): Reference field of C36
[silk_overlap]: Silkscreen overlap (board setup constraints silk clearance 0.2000 mm; actual 0.0000 mm)
    Rule: board setup constraints silk; warning
    @(246.1000 mm, 84.5000 mm): Reference field of C8
    @(246.1100 mm, 84.0729 mm): Segment of R4 on F.Silkscreen
[silk_overlap]: Silkscreen overlap (board setup constraints silk clearance 0.2000 mm; actual 0.1223 mm)
    Rule: board setup constraints silk; warning
    @(238.2746 mm, 89.5400 mm): Segment of FB1 on F.Silkscreen
    @(237.8000 mm, 89.4000 mm): Reference field of C32
[silk_overlap]: Silkscreen overlap (board setup constraints silk clearance 0.2000 mm; actual 0.0000 mm)
    Rule: board setup constraints silk; warning
    @(234.8000 mm, 85.3000 mm): Reference field of C13
    @(233.9339 mm, 84.8573 mm): Segment of U2 on F.Silkscreen
[silk_overlap]: Silkscreen overlap (board setup constraints silk clearance 0.2000 mm; actual 0.0000 mm)
    Rule: board setup constraints silk; warning
    @(234.3319 mm, 84.8573 mm): Segment of U2 on F.Silkscreen
    @(234.8000 mm, 85.3000 mm): Reference field of C13
[silk_overlap]: Silkscreen overlap (board setup constraints silk clearance 0.2000 mm; actual 0.1189 mm)
    Rule: board setup constraints silk; warning
    @(227.8993 mm, 85.3636 mm): Footprint text of U2 (*)
    @(227.0675 mm, 84.8573 mm): Segment of U2 on F.Silkscreen
[silk_overlap]: Silkscreen overlap (board setup constraints silk clearance 0.2000 mm; actual 0.1189 mm)
    Rule: board setup constraints silk; warning
    @(227.8993 mm, 85.3636 mm): Footprint text of U2 (*)
    @(227.0675 mm, 84.8573 mm): Segment of U2 on F.Silkscreen
[silk_overlap]: Silkscreen overlap (board setup constraints silk clearance 0.2000 mm; actual 0.0000 mm)
    Rule: board setup constraints silk; warning
    @(227.8993 mm, 85.3636 mm): Footprint text of U2 (*)
    @(227.8993 mm, 85.3636 mm): Footprint text of U2 (*)
[silk_overlap]: Silkscreen overlap (board setup constraints silk clearance 0.2000 mm; actual 0.1015 mm)
    Rule: board setup constraints silk; warning
    @(227.2375 mm, 90.9000 mm): Reference field of C12
    @(227.7900 mm, 89.6887 mm): Segment of C18 on F.Silkscreen
[silk_overlap]: Silkscreen overlap (board setup constraints silk clearance 0.2000 mm; actual 0.0897 mm)
    Rule: board setup constraints silk; warning
    @(243.8000 mm, 81.1000 mm): Reference field of R3
    @(243.8000 mm, 80.5000 mm): Reference field of C15
[silk_overlap]: Silkscreen overlap (board setup constraints silk clearance 0.2000 mm; actual 0.1564 mm)
    Rule: board setup constraints silk; warning
    @(222.4000 mm, 89.9500 mm): Reference field of C26
    @(224.9113 mm, 89.9900 mm): Segment of C12 on F.Silkscreen
[silk_overlap]: Silkscreen overlap (board setup constraints silk clearance 0.2000 mm; actual 0.0000 mm)
    Rule: board setup constraints silk; warning
    @(152.4000 mm, 70.1000 mm): Segment of J4_OUT1 on F.Silkscreen
    @(150.9500 mm, 80.4000 mm): Dimension '107.8' on F.Silkscreen
[silk_overlap]: Silkscreen overlap (board setup constraints silk clearance 0.2000 mm; actual 0.0000 mm)
    Rule: board setup constraints silk; warning
    @(152.4000 mm, 75.1000 mm): Segment of J4_OUT1 on F.Silkscreen
    @(150.9500 mm, 80.4000 mm): Dimension '107.8' on F.Silkscreen
[silk_overlap]: Silkscreen overlap (board setup constraints silk clearance 0.2000 mm; actual 0.1342 mm)
    Rule: board setup constraints silk; warning
    @(212.9600 mm, 71.5600 mm): Segment of J2 on F.Silkscreen
    @(224.3000 mm, 72.5000 mm): Reference field of TP0V9+1
[silk_overlap]: Silkscreen overlap (board setup constraints silk clearance 0.2000 mm; actual 0.1914 mm)
    Rule: board setup constraints silk; warning
    @(224.3000 mm, 72.5000 mm): Reference field of TP0V9+1
    @(224.3250 mm, 71.5600 mm): Segment of J2 on F.Silkscreen
[silk_overlap]: Silkscreen overlap (board setup constraints silk clearance 0.2000 mm; actual 0.0000 mm)
    Rule: board setup constraints silk; warning
    @(247.5150 mm, 74.7150 mm): Segment of D2 on F.Silkscreen
    @(247.4650 mm, 71.5150 mm): Segment of D1 on F.Silkscreen
[silk_overlap]: Silkscreen overlap (board setup constraints silk clearance 0.2000 mm; actual 0.0000 mm)
    Rule: board setup constraints silk; warning
    @(247.5150 mm, 74.7150 mm): Segment of D2 on F.Silkscreen
    @(247.4650 mm, 74.6850 mm): Segment of D1 on F.Silkscreen
[silk_overlap]: Silkscreen overlap (board setup constraints silk clearance 0.2000 mm; actual 0.0000 mm)
    Rule: board setup constraints silk; warning
    @(251.4000 mm, 74.7150 mm): Segment of D2 on F.Silkscreen
    @(247.4650 mm, 71.5150 mm): Segment of D1 on F.Silkscreen
[silk_overlap]: Silkscreen overlap (board setup constraints silk clearance 0.2000 mm; actual 0.0000 mm)
    Rule: board setup constraints silk; warning
    @(251.4000 mm, 74.7150 mm): Segment of D2 on F.Silkscreen
    @(247.4650 mm, 74.6850 mm): Segment of D1 on F.Silkscreen
[silk_overlap]: Silkscreen overlap (board setup constraints silk clearance 0.2000 mm; actual 0.0000 mm)
    Rule: board setup constraints silk; warning
    @(218.8000 mm, 82.6000 mm): Reference field of C21
    @(219.5100 mm, 82.1887 mm): Segment of C22 on F.Silkscreen
[silk_overlap]: Silkscreen overlap (board setup constraints silk clearance 0.2000 mm; actual 0.0000 mm)
    Rule: board setup constraints silk; warning
    @(232.4500 mm, 72.3000 mm): Reference field of C20
    @(232.1100 mm, 73.0113 mm): Segment of C24 on F.Silkscreen
[silk_overlap]: Silkscreen overlap (board setup constraints silk clearance 0.2000 mm; actual 0.1667 mm)
    Rule: board setup constraints silk; warning
    @(218.8000 mm, 82.6000 mm): Reference field of C21
    @(217.6900 mm, 82.1887 mm): Segment of C22 on F.Silkscreen
[silk_overlap]: Silkscreen overlap (board setup constraints silk clearance 0.2000 mm; actual 0.1840 mm)
    Rule: board setup constraints silk; warning
    @(214.2725 mm, 77.7550 mm): Reference field of R6
    @(213.5729 mm, 78.3900 mm): Segment of R6 on F.Silkscreen

** Found 125 unconnected pads **
[unconnected_items]: Missing connection between items
    Local override; error
    @(162.0500 mm, 86.8525 mm): Pad 1 [X1D19] of R2 on F.Cu
    @(231.0998 mm, 77.9502 mm): Pad 37 [X1D19] of U2 on F.Cu
[unconnected_items]: Missing connection between items
    Local override; error
    @(218.5000 mm, 70.4000 mm): PTH pad 6 [X0D32] of J2
    @(227.4247 mm, 82.4253 mm): Pad 56 [X0D32] of U2 on F.Cu
[unconnected_items]: Missing connection between items
    Local override; error
    @(234.5000 mm, 77.6000 mm): Track [1V8] on F.Cu, length 0.7234 mm
    @(235.7000 mm, 79.9000 mm): Track [1V8] on F.Cu, length 2.6772 mm
[unconnected_items]: Missing connection between items
    Local override; error
    @(237.9228 mm, 75.0000 mm): Track [1V8] on F.Cu, length 1.9772 mm
    @(241.0375 mm, 73.8000 mm): Pad 1 [1V8] of C14 on F.Cu
[unconnected_items]: Missing connection between items
    Local override; error
    @(239.8625 mm, 92.3000 mm): Pad 1 [1V8] of C36 on F.Cu
    @(241.8750 mm, 93.1250 mm): Pad 4 [1V8] of Y2 on F.Cu
[unconnected_items]: Missing connection between items
    Local override; error
    @(235.8000 mm, 83.7000 mm): Track [1V8] on F.Cu, length 1.1625 mm
    @(235.0000 mm, 80.1000 mm): Track [1V8] on F.Cu, length 0.7071 mm
[unconnected_items]: Missing connection between items
    Local override; error
    @(185.1000 mm, 86.5000 mm): PTH pad 1 [1V8] of TP1V8+1
    @(180.5625 mm, 86.7000 mm): Pad 1 [1V8] of C1 on F.Cu
[unconnected_items]: Missing connection between items
    Local override; error
    @(239.8625 mm, 92.3000 mm): Pad 1 [1V8] of C36 on F.Cu
    @(236.2375 mm, 85.3000 mm): Pad 1 [1V8] of C13 on F.Cu
[unconnected_items]: Missing connection between items
    Local override; error
    @(204.7375 mm, 93.2000 mm): Pad 1 [1V8] of C31 on F.Cu
    @(212.7375 mm, 93.1500 mm): Pad 5 [1V8] of U5 on F.Cu
[unconnected_items]: Missing connection between items
    Local override; error
    @(185.1000 mm, 86.5000 mm): PTH pad 1 [1V8] of TP1V8+1
    @(204.6375 mm, 90.5000 mm): Track [1V8] on F.Cu, length 2.6000 mm
[unconnected_items]: Missing connection between items
    Local override; error
    @(233.9747 mm, 83.6254 mm): Track [1V8] on F.Cu, length 0.6507 mm
    @(212.7375 mm, 93.1500 mm): Pad 5 [1V8] of U5 on F.Cu
[unconnected_items]: Missing connection between items
    Local override; error
    @(233.1000 mm, 77.9502 mm): Pad 32 [X1D13] of U2 on F.Cu
    @(241.6700 mm, 95.7625 mm): PTH pad 6 [X1D13] of J3
[unconnected_items]: Missing connection between items
    Local override; error
    @(214.6900 mm, 70.4000 mm): PTH pad 3 [X0D29] of J2
    @(229.8996 mm, 77.9502 mm): Pad 40 [X0D29] of U2 on F.Cu
[unconnected_items]: Missing connection between items
    Local override; error
    @(227.4247 mm, 80.0250 mm): Pad 50 [X0D41] of U2 on F.Cu
    @(235.3200 mm, 95.7625 mm): PTH pad 1 [X0D41] of J3
[unconnected_items]: Missing connection between items
    Local override; error
    @(237.1000 mm, 84.0000 mm): Track [RESET] on F.Cu, length 0.1414 mm
    @(244.2100 mm, 95.7625 mm): PTH pad 8 [RESET] of J3
[unconnected_items]: Missing connection between items
    Local override; error
    @(237.8600 mm, 95.7625 mm): PTH pad 3 [X0D43] of J3
    @(227.4247 mm, 80.4250 mm): Pad 51 [X0D43] of U2 on F.Cu
[unconnected_items]: Missing connection between items
    Local override; error
    @(237.8600 mm, 95.7625 mm): PTH pad 3 [X0D43] of J3
    @(253.4500 mm, 75.8000 mm): Pad 1 [X0D43] of R29 on F.Cu
[unconnected_items]: Missing connection between items
    Local override; error
    @(196.2250 mm, 81.7000 mm): Pad 23 [GND] of U9 on F.Cu
    @(196.2250 mm, 82.3500 mm): Pad 22 [GND] of U9 on F.Cu
[unconnected_items]: Missing connection between items
    Local override; error
    @(196.2250 mm, 78.4500 mm): Pad 28 [GND] of U9 on F.Cu
    @(196.2250 mm, 79.1000 mm): Pad 27 [GND] of U9 on F.Cu
[unconnected_items]: Missing connection between items
    Local override; error
    @(208.1500 mm, 93.2000 mm): Track [GND] on F.Cu, length 1.4708 mm
    @(209.1100 mm, 94.3500 mm): Via [GND] on F.Cu - B.Cu
[unconnected_items]: Missing connection between items
    Local override; error
    @(227.2000 mm, 97.3000 mm): Pad 11 [GND] of U3 on F.Cu
    @(226.4500 mm, 95.4000 mm): Pad 3 [GND] of U3 on F.Cu
[unconnected_items]: Missing connection between items
    Local override; error
    @(209.3000 mm, 80.2000 mm): Pad 4 [GND] of U1 on F.Cu
    @(209.0625 mm, 82.6000 mm): Pad 2 [GND] of C11 on F.Cu
[unconnected_items]: Missing connection between items
    Local override; error
    @(191.2000 mm, 73.5750 mm): Pad 1 [GND] of C39 on F.Cu
    @(191.2000 mm, 76.0750 mm): Pad 1 [GND] of C41 on F.Cu
[unconnected_items]: Missing connection between items
    Local override; error
    @(196.2250 mm, 81.7000 mm): Pad 23 [GND] of U9 on F.Cu
    @(196.2250 mm, 79.1000 mm): Pad 27 [GND] of U9 on F.Cu
[unconnected_items]: Missing connection between items
    Local override; error
    @(201.6875 mm, 77.3750 mm): Pad 2 [GND] of C40 on F.Cu
    @(201.7250 mm, 79.9750 mm): Pad 2 [GND] of C42 on F.Cu
[unconnected_items]: Missing connection between items
    Local override; error
    @(201.7250 mm, 79.9750 mm): Pad 2 [GND] of C42 on F.Cu
    @(201.8250 mm, 82.7750 mm): Pad 2 [GND] of C43 on F.Cu
[unconnected_items]: Missing connection between items
    Local override; error
    @(191.2000 mm, 73.5750 mm): Pad 1 [GND] of C39 on F.Cu
    @(192.6125 mm, 71.0000 mm): Pad 2 [GND] of R23 on F.Cu
[unconnected_items]: Missing connection between items
    Local override; error
    @(236.7375 mm, 92.3000 mm): Pad 2 [GND] of C36 on F.Cu
    @(233.8000 mm, 93.3000 mm): Track [GND] on F.Cu, length 1.3375 mm
[unconnected_items]: Missing connection between items
    Local override; error
    @(228.6500 mm, 93.3800 mm): Track [GND] on F.Cu, length 0.0707 mm
    @(226.4500 mm, 95.4000 mm): Pad 3 [GND] of U3 on F.Cu
[unconnected_items]: Missing connection between items
    Local override; error
    @(231.2000 mm, 70.7375 mm): Pad 2 [GND] of C24 on F.Cu
    @(234.3000 mm, 70.7375 mm): Pad 2 [GND] of C20 on F.Cu
[unconnected_items]: Missing connection between items
    Local override; error
    @(234.3000 mm, 70.7375 mm): Pad 2 [GND] of C20 on F.Cu
    @(237.5000 mm, 70.6375 mm): Pad 2 [GND] of C27 on F.Cu
[unconnected_items]: Missing connection between items
    Local override; error
    @(231.2000 mm, 70.7375 mm): Pad 2 [GND] of C24 on F.Cu
    @(227.9000 mm, 70.7000 mm): Pad 2 [GND] of C17 on F.Cu
[unconnected_items]: Missing connection between items
    Local override; error
    @(250.7500 mm, 79.0500 mm): Pad 3 [GND] of U6 on F.Cu
    @(247.1000 mm, 74.7000 mm): Segment [GND] on F.Cu
[unconnected_items]: Missing connection between items
    Local override; error
    @(201.8250 mm, 82.7750 mm): Pad 2 [GND] of C43 on F.Cu
    @(201.8250 mm, 86.4750 mm): Pad 2 [GND] of C44 on F.Cu
[unconnected_items]: Missing connection between items
    Local override; error
    @(196.2250 mm, 82.3500 mm): Pad 22 [GND] of U9 on F.Cu
    @(196.2250 mm, 86.2500 mm): Pad 16 [GND] of U9 on F.Cu
[unconnected_items]: Missing connection between items
    Local override; error
    @(227.9000 mm, 70.7000 mm): Pad 2 [GND] of C17 on F.Cu
    @(223.5800 mm, 70.4000 mm): PTH pad 10 [GND] of J2
[unconnected_items]: Missing connection between items
    Local override; error
    @(219.4000 mm, 79.6000 mm): Track [GND] on F.Cu, length 1.5375 mm
    @(224.3375 mm, 75.9000 mm): Pad 2 [GND] of C16 on F.Cu
[unconnected_items]: Missing connection between items
    Local override; error
    @(238.7625 mm, 76.0000 mm): Pad 2 [GND] of C25 on F.Cu
    @(243.3400 mm, 80.5000 mm): Track [GND] on F.Cu, length 1.5775 mm
[unconnected_items]: Missing connection between items
    Local override; error
    @(191.2000 mm, 76.0750 mm): Pad 1 [GND] of C41 on F.Cu
    @(196.2250 mm, 78.4500 mm): Pad 28 [GND] of U9 on F.Cu
[unconnected_items]: Missing connection between items
    Local override; error
    @(196.2250 mm, 78.4500 mm): Pad 28 [GND] of U9 on F.Cu
    @(201.6875 mm, 77.3750 mm): Pad 2 [GND] of C40 on F.Cu
[unconnected_items]: Missing connection between items
    Local override; error
    @(207.3950 mm, 77.3000 mm): Pad 9 [GND] of U1 on F.Cu
    @(201.6875 mm, 77.3750 mm): Pad 2 [GND] of C40 on F.Cu
[unconnected_items]: Missing connection between items
    Local override; error
    @(196.2250 mm, 82.3500 mm): Pad 22 [GND] of U9 on F.Cu
    @(190.5000 mm, 83.0000 mm): Pad 8 [GND] of U9 on F.Cu
[unconnected_items]: Missing connection between items
    Local override; error
    @(191.2000 mm, 73.5750 mm): Pad 1 [GND] of C39 on F.Cu
    @(184.2750 mm, 73.6000 mm): Pad 1 [GND] of C48 on F.Cu
[unconnected_items]: Missing connection between items
    Local override; error
    @(222.3100 mm, 70.4000 mm): PTH pad 9 [X0D39] of J2
    @(227.4247 mm, 78.8248 mm): Pad 47 [X0D39] of U2 on F.Cu
[unconnected_items]: Missing connection between items
    Local override; error
    @(225.7625 mm, 90.9000 mm): Track [0V9] on F.Cu, length 2.1907 mm
    @(226.2000 mm, 94.5000 mm): Pad 6 [0V9] of U3 on F.Cu
[unconnected_items]: Missing connection between items
    Local override; error
    @(226.2000 mm, 94.5000 mm): Pad 6 [0V9] of U3 on F.Cu
    @(148.3000 mm, 61.6000 mm): Zone [0V9] on F.Cu and B.Cu, priority 0
[unconnected_items]: Missing connection between items
    Local override; error
    @(233.9747 mm, 84.0255 mm): Pad 16 [Net-(U2A-XIN)] of U2 on F.Cu
    @(241.7000 mm, 86.3500 mm): Pad 1 [Net-(U2A-XIN)] of R5 on F.Cu
[unconnected_items]: Missing connection between items
    Local override; error
    @(236.2375 mm, 87.7000 mm): Pad 1 [Net-(U2B-PLL_AVDD)] of C32 on F.Cu
    @(238.9375 mm, 90.1000 mm): Pad 1 [Net-(U2B-PLL_AVDD)] of FB1 on F.Cu
[unconnected_items]: Missing connection between items
    Local override; error
    @(233.9747 mm, 81.6252 mm): Pad 22 [Net-(U2B-PLL_AVDD)] of U2 on F.Cu
    @(236.2375 mm, 87.7000 mm): Pad 1 [Net-(U2B-PLL_AVDD)] of C32 on F.Cu
[unconnected_items]: Missing connection between items
    Local override; error
    @(215.9600 mm, 70.4000 mm): PTH pad 4 [X0D30] of J2
    @(219.8211 mm, 82.6000 mm): Track [X0D30] on F.Cu, length 6.7211 mm
[unconnected_items]: Missing connection between items
    Local override; error
    @(194.3250 mm, 76.0750 mm): Pad 2 [3V3] of C41 on F.Cu
    @(194.3250 mm, 73.5750 mm): Pad 2 [3V3] of C39 on F.Cu
[unconnected_items]: Missing connection between items
    Local override; error
    @(190.6000 mm, 97.3625 mm): Pad 1 [3V3] of C29 on F.Cu
    @(193.3000 mm, 97.3250 mm): Pad 1 [3V3] of C30 on F.Cu
[unconnected_items]: Missing connection between items
    Local override; error
    @(237.8000 mm, 81.6000 mm): Track [3V3] on F.Cu, length 1.8385 mm
    @(234.8000 mm, 78.2000 mm): Track [3V3] on F.Cu, length 0.6006 mm
[unconnected_items]: Missing connection between items
    Local override; error
    @(231.7743 mm, 76.6257 mm): Track [3V3] on F.Cu, length 2.2991 mm
    @(233.9747 mm, 78.4248 mm): Pad 30 [3V3] of U2 on F.Cu
[unconnected_items]: Missing connection between items
    Local override; error
    @(215.1000 mm, 75.8000 mm): Pad 2 [3V3] of R30 on F.Cu
    @(212.7500 mm, 79.3000 mm): Pad 1 [3V3] of R6 on F.Cu
[unconnected_items]: Missing connection between items
    Local override; error
    @(230.6997 mm, 77.9502 mm): Track [3V3] on F.Cu, length 0.3499 mm
    @(227.4247 mm, 80.8251 mm): Pad 52 [3V3] of U2 on F.Cu
[unconnected_items]: Missing connection between items
    Local override; error
    @(230.6997 mm, 84.5000 mm): Pad 8 [3V3] of U2 on F.Cu
    @(227.4247 mm, 80.8251 mm): Pad 52 [3V3] of U2 on F.Cu
[unconnected_items]: Missing connection between items
    Local override; error
    @(200.2250 mm, 73.4750 mm): Pad 2 [3V3] of R19 on F.Cu
    @(205.4900 mm, 74.4000 mm): Pad 8 [3V3] of U1 on F.Cu
[unconnected_items]: Missing connection between items
    Local override; error
    @(200.2250 mm, 73.4750 mm): Pad 2 [3V3] of R19 on F.Cu
    @(194.3250 mm, 73.5750 mm): Pad 2 [3V3] of C39 on F.Cu
[unconnected_items]: Missing connection between items
    Local override; error
    @(190.5000 mm, 82.3500 mm): Pad 7 [3V3] of U9 on F.Cu
    @(184.5125 mm, 81.5750 mm): Track [3V3] on F.Cu, length 3.9952 mm
[unconnected_items]: Missing connection between items
    Local override; error
    @(218.6000 mm, 81.3375 mm): Pad 1 [3V3] of C22 on F.Cu
    @(212.7500 mm, 79.3000 mm): Pad 1 [3V3] of R6 on F.Cu
[unconnected_items]: Missing connection between items
    Local override; error
    @(194.3250 mm, 76.0750 mm): Pad 2 [3V3] of C41 on F.Cu
    @(190.5000 mm, 82.3500 mm): Pad 7 [3V3] of U9 on F.Cu
[unconnected_items]: Missing connection between items
    Local override; error
    @(212.7500 mm, 79.3000 mm): Pad 1 [3V3] of R6 on F.Cu
    @(205.9375 mm, 82.6000 mm): Pad 1 [3V3] of C11 on F.Cu
[unconnected_items]: Missing connection between items
    Local override; error
    @(193.3000 mm, 97.3250 mm): Pad 1 [3V3] of C30 on F.Cu
    @(197.9375 mm, 91.0500 mm): Pad 5 [3V3] of U4 on F.Cu
[unconnected_items]: Missing connection between items
    Local override; error
    @(205.4900 mm, 74.4000 mm): Pad 8 [3V3] of U1 on F.Cu
    @(205.9375 mm, 82.6000 mm): Pad 1 [3V3] of C11 on F.Cu
[unconnected_items]: Missing connection between items
    Local override; error
    @(168.8000 mm, 85.7000 mm): PTH pad 1 [3V3] of TP3V3+1
    @(161.8700 mm, 90.6000 mm): PTH pad 11 [3V3] of U8
[unconnected_items]: Missing connection between items
    Local override; error
    @(200.2000 mm, 90.0375 mm): Track [3V3] on F.Cu, length 1.2500 mm
    @(205.9375 mm, 82.6000 mm): Pad 1 [3V3] of C11 on F.Cu
[unconnected_items]: Missing connection between items
    Local override; error
    @(246.7500 mm, 95.7625 mm): PTH pad 10 [3V3] of J3
    @(238.6375 mm, 82.8000 mm): Pad 1 [3V3] of C28 on F.Cu
[unconnected_items]: Missing connection between items
    Local override; error
    @(230.2997 mm, 77.9502 mm): Pad 39 [X1D22] of U2 on F.Cu
    @(242.9400 mm, 95.7625 mm): PTH pad 7 [X1D22] of J3
[unconnected_items]: Missing connection between items
    Local override; error
    @(212.1500 mm, 70.4000 mm): PTH pad 1 [X0D00] of J2
    @(229.8996 mm, 84.5000 mm): Pad 6 [X0D00] of U2 on F.Cu
[unconnected_items]: Missing connection between items
    Local override; error
    @(227.4247 mm, 79.2249 mm): Pad 48 [X0D42] of U2 on F.Cu
    @(236.5900 mm, 95.7625 mm): PTH pad 2 [X0D42] of J3
[unconnected_items]: Missing connection between items
    Local override; error
    @(219.7700 mm, 70.4000 mm): PTH pad 7 [X0D33] of J2
    @(227.4247 mm, 83.2254 mm): Pad 58 [X0D33] of U2 on F.Cu
[unconnected_items]: Missing connection between items
    Local override; error
    @(217.2300 mm, 70.4000 mm): PTH pad 5 [X0D31] of J2
    @(227.4247 mm, 82.0252 mm): Pad 55 [X0D31] of U2 on F.Cu
[unconnected_items]: Missing connection between items
    Local override; error
    @(213.4200 mm, 70.4000 mm): PTH pad 2 [X0D11] of J2
    @(230.2997 mm, 84.5000 mm): Pad 7 [X0D11] of U2 on F.Cu
[unconnected_items]: Missing connection between items
    Local override; error
    @(231.8998 mm, 84.5000 mm): Pad 11 [X1D09] of U2 on F.Cu
    @(239.1300 mm, 95.7625 mm): PTH pad 4 [X1D09] of J3
[unconnected_items]: Missing connection between items
    Local override; error
    @(221.0400 mm, 70.4000 mm): PTH pad 8 [X0D36] of J2
    @(228.6995 mm, 77.9502 mm): Pad 43 [X0D36] of U2 on F.Cu
[unconnected_items]: Missing connection between items
    Local override; error
    @(233.1000 mm, 84.5000 mm): Pad 14 [X1D11] of U2 on F.Cu
    @(240.4000 mm, 95.7625 mm): PTH pad 5 [X1D11] of J3
[unconnected_items]: Missing connection between items
    Local override; error
    @(214.5500 mm, 82.6000 mm): Pad 1 [Net-(U2A-X0D10)] of R7 on F.Cu
    @(229.4995 mm, 84.5000 mm): Pad 5 [Net-(U2A-X0D10)] of U2 on F.Cu
[unconnected_items]: Missing connection between items
    Local override; error
    @(226.4500 mm, 96.4000 mm): Pad 1 [5V] of U3 on F.Cu
    @(226.7000 mm, 97.3000 mm): Pad 10 [5V] of U3 on F.Cu
[unconnected_items]: Missing connection between items
    Local override; error
    @(225.7000 mm, 97.3000 mm): Pad 8 [5V] of U3 on F.Cu
    @(226.7000 mm, 97.3000 mm): Pad 10 [5V] of U3 on F.Cu
[unconnected_items]: Missing connection between items
    Local override; error
    @(210.4625 mm, 95.0500 mm): Pad 3 [5V] of U5 on F.Cu
    @(213.1125 mm, 90.5000 mm): Track [5V] on F.Cu, length 3.7477 mm
[unconnected_items]: Missing connection between items
    Local override; error
    @(195.6625 mm, 92.9500 mm): Pad 3 [5V] of U4 on F.Cu
    @(195.6625 mm, 91.0500 mm): Pad 1 [5V] of U4 on F.Cu
[unconnected_items]: Missing connection between items
    Local override; error
    @(247.8375 mm, 87.2000 mm): Pad 1 [5V] of C9 on F.Cu
    @(247.8375 mm, 89.8000 mm): Pad 1 [5V] of C10 on F.Cu
[unconnected_items]: Missing connection between items
    Local override; error
    @(198.5625 mm, 77.3750 mm): Pad 1 [5V] of C40 on F.Cu
    @(198.6000 mm, 79.9750 mm): Pad 1 [5V] of C42 on F.Cu
[unconnected_items]: Missing connection between items
    Local override; error
    @(198.6000 mm, 79.9750 mm): Pad 1 [5V] of C42 on F.Cu
    @(196.2250 mm, 81.0500 mm): Pad 24 [5V] of U9 on F.Cu
[unconnected_items]: Missing connection between items
    Local override; error
    @(247.8375 mm, 89.8000 mm): Pad 1 [5V] of C10 on F.Cu
    @(245.4800 mm, 95.7625 mm): PTH pad 9 [5V] of J3
[unconnected_items]: Missing connection between items
    Local override; error
    @(218.2625 mm, 95.9000 mm): Pad 1 [5V] of C2 on F.Cu
    @(213.1625 mm, 90.5000 mm): Pad 1 [5V] of C6 on F.Cu
[unconnected_items]: Missing connection between items
    Local override; error
    @(218.2625 mm, 95.9000 mm): Pad 1 [5V] of C2 on F.Cu
    @(225.7000 mm, 97.3000 mm): Pad 8 [5V] of U3 on F.Cu
[unconnected_items]: Missing connection between items
    Local override; error
    @(254.9000 mm, 94.2375 mm): Pad 2 [5V] of F1 on F.Cu
    @(247.8375 mm, 89.8000 mm): Pad 1 [5V] of C10 on F.Cu
[unconnected_items]: Missing connection between items
    Local override; error
    @(196.2250 mm, 81.0500 mm): Pad 24 [5V] of U9 on F.Cu
    @(195.6625 mm, 91.0500 mm): Pad 1 [5V] of U4 on F.Cu
[unconnected_items]: Missing connection between items
    Local override; error
    @(195.6625 mm, 92.9500 mm): Pad 3 [5V] of U4 on F.Cu
    @(213.1125 mm, 90.5000 mm): Track [5V] on F.Cu, length 3.7477 mm
[unconnected_items]: Missing connection between items
    Local override; error
    @(247.8375 mm, 87.2000 mm): Pad 1 [5V] of C9 on F.Cu
    @(256.5500 mm, 73.1000 mm): Pad 1 [5V] of R28 on F.Cu
[unconnected_items]: Missing connection between items
    Local override; error
    @(226.7000 mm, 97.3000 mm): Pad 10 [5V] of U3 on F.Cu
    @(245.4800 mm, 95.7625 mm): PTH pad 9 [5V] of J3
[unconnected_items]: Missing connection between items
    Local override; error
    @(226.7000 mm, 94.5000 mm): Pad 5 [Net-(U3-FB)] of U3 on F.Cu
    @(223.4500 mm, 93.3850 mm): Pad 2 [Net-(U3-FB)] of R9 on F.Cu
[unconnected_items]: Missing connection between items
    Local override; error
    @(223.4500 mm, 93.3850 mm): Pad 2 [Net-(U3-FB)] of R9 on F.Cu
    @(220.3500 mm, 95.9000 mm): Pad 1 [Net-(U3-FB)] of R17 on F.Cu
[unconnected_items]: Missing connection between items
    Local override; error
    @(226.4500 mm, 95.9000 mm): Pad 2 [Net-(U3-SW)] of U3 on F.Cu
    @(230.6350 mm, 97.1900 mm): Pad 1 [Net-(U3-SW)] of L1 on F.Cu
[unconnected_items]: Missing connection between items
    Local override; error
    @(187.3875 mm, 71.0000 mm): Pad 2 [Net-(J4_OUT1-RING)] of C47 on F.Cu
    @(189.5125 mm, 71.0000 mm): Pad 1 [Net-(J4_OUT1-RING)] of R23 on F.Cu
[unconnected_items]: Missing connection between items
    Local override; error
    @(157.7000 mm, 69.0250 mm): Pad 3 [Net-(J4_OUT1-RING)] of J4_OUT1 on F.Cu
    @(187.3875 mm, 71.0000 mm): Pad 2 [Net-(J4_OUT1-RING)] of C47 on F.Cu
[unconnected_items]: Missing connection between items
    Local override; error
    @(248.2500 mm, 81.1000 mm): Pad 1 [Net-(J1-CC1)] of R3 on F.Cu
    @(254.2525 mm, 83.8800 mm): Pad A5 [Net-(J1-CC1)] of J1 on F.Cu
[unconnected_items]: Missing connection between items
    Local override; error
    @(245.2000 mm, 83.2500 mm): Pad 1 [Net-(J1-CC2)] of R4 on F.Cu
    @(255.5025 mm, 82.1300 mm): Pad B5 [Net-(J1-CC2)] of J1 on F.Cu
[unconnected_items]: Missing connection between items
    Local override; error
    @(179.0500 mm, 78.9000 mm): Pad 1 [Net-(U9-V_{IN}R)] of R26 on F.Cu
    @(196.2250 mm, 79.7500 mm): Pad 26 [Net-(U9-V_{IN}R)] of U9 on F.Cu
[unconnected_items]: Missing connection between items
    Local override; error
    @(179.0500 mm, 81.6000 mm): Pad 1 [Net-(U9-V_{IN}L)] of R24 on F.Cu
    @(196.2250 mm, 80.4000 mm): Pad 25 [Net-(U9-V_{IN}L)] of U9 on F.Cu
[unconnected_items]: Missing connection between items
    Local override; error
    @(184.2625 mm, 71.0000 mm): Pad 1 [Net-(C47-Pad1)] of C47 on F.Cu
    @(182.0625 mm, 71.0000 mm): Pad 1 [Net-(C47-Pad1)] of R22 on F.Cu
[unconnected_items]: Missing connection between items
    Local override; error
    @(187.4000 mm, 73.6000 mm): Pad 2 [Net-(C47-Pad1)] of C48 on F.Cu
    @(184.2625 mm, 71.0000 mm): Pad 1 [Net-(C47-Pad1)] of C47 on F.Cu
[unconnected_items]: Missing connection between items
    Local override; error
    @(178.9625 mm, 71.0000 mm): Pad 2 [Net-(U9-V_{OUT}R+)] of R22 on F.Cu
    @(196.2250 mm, 84.9500 mm): Pad 18 [Net-(U9-V_{OUT}R+)] of U9 on F.Cu
[unconnected_items]: Missing connection between items
    Local override; error
    @(176.8375 mm, 73.6000 mm): Pad 1 [Net-(C45-Pad1)] of C45 on F.Cu
    @(182.0625 mm, 73.6000 mm): Pad 1 [Net-(C45-Pad1)] of R20 on F.Cu
[unconnected_items]: Missing connection between items
    Local override; error
    @(178.9625 mm, 73.6000 mm): Pad 2 [Net-(U9-V_{OUT}L+)] of R20 on F.Cu
    @(196.2250 mm, 83.6500 mm): Pad 20 [Net-(U9-V_{OUT}L+)] of U9 on F.Cu
[unconnected_items]: Missing connection between items
    Local override; error
    @(251.1500 mm, 73.1000 mm): Pad 2 [Net-(D1-A)] of D1 on F.Cu
    @(253.4500 mm, 73.1000 mm): Pad 2 [Net-(D1-A)] of R28 on F.Cu
[unconnected_items]: Missing connection between items
    Local override; error
    @(251.2000 mm, 76.3000 mm): Pad 2 [Net-(D2-A)] of D2 on F.Cu
    @(256.5500 mm, 75.8000 mm): Pad 2 [Net-(D2-A)] of R29 on F.Cu
[unconnected_items]: Missing connection between items
    Local override; error
    @(198.7000 mm, 82.7750 mm): Pad 1 [Net-(U9-V_{COM})] of C43 on F.Cu
    @(196.2250 mm, 83.0000 mm): Pad 21 [Net-(U9-V_{COM})] of U9 on F.Cu
[unconnected_items]: Missing connection between items
    Local override; error
    @(198.7000 mm, 86.4750 mm): Pad 1 [Net-(U9-V_{COM})] of C44 on F.Cu
    @(198.7000 mm, 82.7750 mm): Pad 1 [Net-(U9-V_{COM})] of C43 on F.Cu
[unconnected_items]: Missing connection between items
    Local override; error
    @(254.2525 mm, 84.3800 mm): Pad A4 [Net-(C8-Pad2)] of J1 on F.Cu
    @(255.5025 mm, 84.6300 mm): Pad B9 [Net-(C8-Pad2)] of J1 on F.Cu
[unconnected_items]: Missing connection between items
    Local override; error
    @(255.5025 mm, 81.6300 mm): Pad B4 [Net-(C8-Pad2)] of J1 on F.Cu
    @(254.2525 mm, 81.8800 mm): Pad A9 [Net-(C8-Pad2)] of J1 on F.Cu
[unconnected_items]: Missing connection between items
    Local override; error
    @(254.2525 mm, 81.8800 mm): Pad A9 [Net-(C8-Pad2)] of J1 on F.Cu
    @(254.2525 mm, 84.3800 mm): Pad A4 [Net-(C8-Pad2)] of J1 on F.Cu
[unconnected_items]: Missing connection between items
    Local override; error
    @(254.9000 mm, 89.9625 mm): Pad 1 [Net-(C8-Pad2)] of F1 on F.Cu
    @(255.5025 mm, 84.6300 mm): Pad B9 [Net-(C8-Pad2)] of J1 on F.Cu
[unconnected_items]: Missing connection between items
    Local override; error
    @(247.8375 mm, 84.5000 mm): Pad 2 [Net-(C8-Pad2)] of C8 on F.Cu
    @(254.2525 mm, 84.3800 mm): Pad A4 [Net-(C8-Pad2)] of J1 on F.Cu
[unconnected_items]: Missing connection between items
    Local override; error
    @(254.2525 mm, 79.5800 mm): Pad A1 [Net-(J1-SHIELD)] of J1 on F.Cu
    @(254.2525 mm, 80.0800 mm): Pad A12 [Net-(J1-SHIELD)] of J1 on F.Cu
[unconnected_items]: Missing connection between items
    Local override; error
    @(254.2525 mm, 86.1800 mm): Pad A1 [Net-(J1-SHIELD)] of J1 on F.Cu
    @(254.2525 mm, 86.6800 mm): Pad A1 [Net-(J1-SHIELD)] of J1 on F.Cu
[unconnected_items]: Missing connection between items
    Local override; error
    @(254.4275 mm, 78.6800 mm): PTH pad S1 [Net-(J1-SHIELD)] of J1
    @(254.2525 mm, 79.5800 mm): Pad A1 [Net-(J1-SHIELD)] of J1 on F.Cu
[unconnected_items]: Missing connection between items
    Local override; error
    @(254.2525 mm, 86.6800 mm): Pad A1 [Net-(J1-SHIELD)] of J1 on F.Cu
    @(254.4275 mm, 87.5800 mm): PTH pad S1 [Net-(J1-SHIELD)] of J1
[unconnected_items]: Missing connection between items
    Local override; error
    @(255.5025 mm, 86.1300 mm): Pad B12 [Net-(J1-SHIELD)] of J1 on F.Cu
    @(254.2525 mm, 86.1800 mm): Pad A1 [Net-(J1-SHIELD)] of J1 on F.Cu
[unconnected_items]: Missing connection between items
    Local override; error
    @(254.2525 mm, 80.0800 mm): Pad A12 [Net-(J1-SHIELD)] of J1 on F.Cu
    @(255.5025 mm, 80.1300 mm): Pad B1 [Net-(J1-SHIELD)] of J1 on F.Cu
[unconnected_items]: Missing connection between items
    Local override; error
    @(257.6275 mm, 78.6800 mm): PTH pad S1 [Net-(J1-SHIELD)] of J1
    @(255.5025 mm, 80.1300 mm): Pad B1 [Net-(J1-SHIELD)] of J1 on F.Cu
[unconnected_items]: Missing connection between items
    Local override; error
    @(255.5025 mm, 86.1300 mm): Pad B12 [Net-(J1-SHIELD)] of J1 on F.Cu
    @(257.6275 mm, 87.5800 mm): PTH pad S1 [Net-(J1-SHIELD)] of J1
[unconnected_items]: Missing connection between items
    Local override; error
    @(255.5025 mm, 80.1300 mm): Pad B1 [Net-(J1-SHIELD)] of J1 on F.Cu
    @(255.5025 mm, 86.1300 mm): Pad B12 [Net-(J1-SHIELD)] of J1 on F.Cu

** Found 0 Footprint errors **

** End of Report **
