** Drc report for XMOS_with_audio_codec.kicad_pcb **
** Created on 2026-08-18T17:07:21+0100 **

** Found 639 DRC violations **
[items_not_allowed]: Items not allowed (keepout area)
    Rule: keepout area; error
    @(254.6500 mm, 82.8800 mm): Track [D-] on F.Cu, length 0.0849 mm
[items_not_allowed]: Items not allowed (keepout area)
    Rule: keepout area; error
    @(252.2750 mm, 82.1573 mm): Track [D-] on F.Cu, length 1.0362 mm
[items_not_allowed]: Items not allowed (keepout area)
    Rule: keepout area; error
    @(252.3300 mm, 81.0400 mm): Track [D-] on F.Cu, length 0.0141 mm
[items_not_allowed]: Items not allowed (keepout area)
    Rule: keepout area; error
    @(251.3900 mm, 79.3100 mm): Track [D-] on F.Cu, length 0.0023 mm
[items_not_allowed]: Items not allowed (keepout area)
    Rule: keepout area; error
    @(255.6200 mm, 83.1500 mm): Track [D-] on F.Cu, length 0.3625 mm
[items_not_allowed]: Items not allowed (keepout area)
    Rule: keepout area; error
    @(250.1250 mm, 79.4000 mm): Track [D-] on F.Cu, length 0.1273 mm
[items_not_allowed]: Items not allowed (keepout area)
    Rule: keepout area; error
    @(250.2150 mm, 79.3100 mm): Track [D-] on F.Cu, length 0.7473 mm
[items_not_allowed]: Items not allowed (keepout area)
    Rule: keepout area; error
    @(250.9623 mm, 79.3100 mm): Track [D-] on F.Cu, length 0.4277 mm
[items_not_allowed]: Items not allowed (keepout area)
    Rule: keepout area; error
    @(252.3200 mm, 81.0500 mm): Track [D-] on F.Cu, length 0.0636 mm
[items_not_allowed]: Items not allowed (keepout area)
    Rule: keepout area; error
    @(249.9000 mm, 79.4000 mm): Track [D-] on F.Cu, length 0.2250 mm
[items_not_allowed]: Items not allowed (keepout area)
    Rule: keepout area; error
    @(252.2750 mm, 81.0950 mm): Track [D-] on F.Cu, length 1.0623 mm
[items_not_allowed]: Items not allowed (keepout area)
    Rule: keepout area; error
    @(251.3923 mm, 79.3100 mm): Track [D-] on F.Cu, length 1.3261 mm
[items_not_allowed]: Items not allowed (keepout area)
    Rule: keepout area; error
    @(233.9747 mm, 79.2249 mm): Track [D-] on F.Cu, length 0.0848 mm
[items_not_allowed]: Items not allowed (keepout area)
    Rule: keepout area; error
    @(253.0077 mm, 82.8900 mm): Track [D-] on F.Cu, length 1.3123 mm
[items_not_allowed]: Items not allowed (keepout area)
    Rule: keepout area; error
    @(234.0347 mm, 79.2848 mm): Track [D-] on F.Cu, length 15.9653 mm
[items_not_allowed]: Items not allowed (keepout area)
    Rule: keepout area; error
    @(252.3300 mm, 80.2477 mm): Track [D-] on F.Cu, length 0.7923 mm
[items_not_allowed]: Items not allowed (keepout area)
    Rule: keepout area; error
    @(254.2525 mm, 82.8800 mm): Track [D-] on F.Cu, length 0.3975 mm
[items_not_allowed]: Items not allowed (keepout area)
    Rule: keepout area; error
    @(254.7100 mm, 82.8200 mm): Via [D-] on F.Cu - B.Cu
[items_not_allowed]: Items not allowed (keepout area)
    Rule: keepout area; error
    @(255.6200 mm, 83.1500 mm): Via [D-] on F.Cu - B.Cu
[items_not_allowed]: Items not allowed (keepout area)
    Rule: keepout area; error
    @(255.2900 mm, 82.8200 mm): Track [D-] on B.Cu, length 0.4667 mm
[items_not_allowed]: Items not allowed (keepout area)
    Rule: keepout area; error
    @(254.7100 mm, 82.8200 mm): Track [D-] on B.Cu, length 0.5800 mm
[items_not_allowed]: Items not allowed (keepout area)
    Rule: keepout area; error
    @(251.3900 mm, 78.7900 mm): Track [D+] on F.Cu, length 0.2177 mm
[items_not_allowed]: Items not allowed (keepout area)
    Rule: keepout area; error
    @(233.9747 mm, 78.8248 mm): Track [D+] on F.Cu, length 0.0848 mm
[items_not_allowed]: Items not allowed (keepout area)
    Rule: keepout area; error
    @(252.9700 mm, 80.7300 mm): Track [D+] on F.Cu, length 0.5500 mm
[items_not_allowed]: Items not allowed (keepout area)
    Rule: keepout area; error
    @(251.7550 mm, 81.0950 mm): Track [D+] on F.Cu, length 1.2777 mm
[items_not_allowed]: Items not allowed (keepout area)
    Rule: keepout area; error
    @(251.1777 mm, 78.7900 mm): Track [D+] on F.Cu, length 0.2123 mm
[items_not_allowed]: Items not allowed (keepout area)
    Rule: keepout area; error
    @(254.7525 mm, 83.3800 mm): Track [D+] on F.Cu, length 1.0607 mm
[items_not_allowed]: Items not allowed (keepout area)
    Rule: keepout area; error
    @(254.2525 mm, 83.3800 mm): Track [D+] on F.Cu, length 0.6125 mm
[items_not_allowed]: Items not allowed (keepout area)
    Rule: keepout area; error
    @(252.7923 mm, 83.4100 mm): Track [D+] on F.Cu, length 1.5277 mm
[items_not_allowed]: Items not allowed (keepout area)
    Rule: keepout area; error
    @(234.0347 mm, 78.7648 mm): Track [D+] on F.Cu, length 15.9653 mm
[items_not_allowed]: Items not allowed (keepout area)
    Rule: keepout area; error
    @(252.9700 mm, 80.1800 mm): Track [D+] on F.Cu, length 0.1697 mm
[items_not_allowed]: Items not allowed (keepout area)
    Rule: keepout area; error
    @(252.8500 mm, 80.0600 mm): Track [D+] on F.Cu, length 0.0277 mm
[items_not_allowed]: Items not allowed (keepout area)
    Rule: keepout area; error
    @(253.5800 mm, 83.3200 mm): Track [D+] on F.Cu, length 0.0849 mm
[items_not_allowed]: Items not allowed (keepout area)
    Rule: keepout area; error
    @(254.2525 mm, 83.3800 mm): Track [D+] on F.Cu, length 0.5000 mm
[items_not_allowed]: Items not allowed (keepout area)
    Rule: keepout area; error
    @(249.9000 mm, 78.7000 mm): Track [D+] on F.Cu, length 0.2250 mm
[items_not_allowed]: Items not allowed (keepout area)
    Rule: keepout area; error
    @(250.1250 mm, 78.7000 mm): Track [D+] on F.Cu, length 0.1273 mm
[items_not_allowed]: Items not allowed (keepout area)
    Rule: keepout area; error
    @(251.7550 mm, 82.3727 mm): Track [D+] on F.Cu, length 1.4670 mm
[items_not_allowed]: Items not allowed (keepout area)
    Rule: keepout area; error
    @(251.6200 mm, 80.9600 mm): Track [D+] on F.Cu, length 0.1909 mm
[items_not_allowed]: Items not allowed (keepout area)
    Rule: keepout area; error
    @(250.2150 mm, 78.7900 mm): Track [D+] on F.Cu, length 0.9627 mm
[items_not_allowed]: Items not allowed (keepout area)
    Rule: keepout area; error
    @(251.6077 mm, 78.7900 mm): Track [D+] on F.Cu, length 1.7569 mm
[items_not_allowed]: Items not allowed (keepout area)
    Rule: keepout area; error
    @(251.6200 mm, 80.9600 mm): Via [D+] on F.Cu - B.Cu
[items_not_allowed]: Items not allowed (keepout area)
    Rule: keepout area; error
    @(252.9700 mm, 80.7300 mm): Via [D+] on F.Cu - B.Cu
[track_dangling]: Track has unconnected end
    Local override; warning
    @(210.8000 mm, 88.1000 mm): Track [I2S_DAC_DATA] on B.Cu, length 0.2000 mm
[via_dangling]: Via is not connected or connected on only one layer
    Local override; warning
    @(213.9000 mm, 84.4000 mm): Via [X0D43] on F.Cu - B.Cu
[track_dangling]: Track has unconnected end
    Local override; warning
    @(238.1100 mm, 92.2800 mm): Track [GND] on F.Cu, length 0.0283 mm
[track_dangling]: Track has unconnected end
    Local override; warning
    @(253.5800 mm, 83.3200 mm): Track [D+] on F.Cu, length 0.0849 mm
[via_dangling]: Via is not connected or connected on only one layer
    Local override; warning
    @(213.1000 mm, 82.6000 mm): Via [X0D30] on F.Cu - B.Cu
[via_dangling]: Via is not connected or connected on only one layer
    Local override; warning
    @(236.5000 mm, 80.3000 mm): Via [3V3] on F.Cu - B.Cu
[via_dangling]: Via is not connected or connected on only one layer
    Local override; warning
    @(235.2000 mm, 77.9000 mm): Via [3V3] on F.Cu - B.Cu
[clearance]: Clearance violation (netclass 'USB' clearance 0.1500 mm; actual 0.0350 mm)
    Rule: netclass 'USB'; error
    @(250.7500 mm, 79.0500 mm): Pad 3 [GND] of U6 on F.Cu
    @(250.2150 mm, 79.3100 mm): Track [D-] on F.Cu, length 0.7473 mm
[clearance]: Clearance violation (netclass 'USB' clearance 0.1500 mm; actual 0.0554 mm)
    Rule: netclass 'USB'; error
    @(250.7500 mm, 79.0500 mm): Pad 3 [GND] of U6 on F.Cu
    @(250.9623 mm, 79.3100 mm): Track [D-] on F.Cu, length 0.4277 mm
[clearance]: Clearance violation (netclass 'USB' clearance 0.1500 mm; actual 0.1439 mm)
    Rule: netclass 'USB'; error
    @(234.0347 mm, 78.7648 mm): Track [D+] on F.Cu, length 15.9653 mm
    @(233.9747 mm, 79.2249 mm): Track [D-] on F.Cu, length 0.0848 mm
[clearance]: Clearance violation (netclass 'USB' clearance 0.1500 mm; actual 0.0853 mm)
    Rule: netclass 'USB'; error
    @(234.0347 mm, 79.2848 mm): Track [D-] on F.Cu, length 15.9653 mm
    @(234.0698 mm, 79.7200 mm): Track [0V9] on F.Cu, length 0.1345 mm
[clearance]: Clearance violation (netclass 'USB' clearance 0.1500 mm; actual 0.1169 mm)
    Rule: netclass 'USB'; error
    @(254.2525 mm, 82.3800 mm): Pad A8 [<no net>] of J1 on F.Cu
    @(254.7100 mm, 82.8200 mm): Via [D-] on F.Cu - B.Cu
[clearance]: Clearance violation (netclass 'USB' clearance 0.1500 mm; actual 0.1258 mm)
    Rule: netclass 'USB'; error
    @(254.7525 mm, 83.3800 mm): Track [D+] on F.Cu, length 1.0607 mm
    @(255.6200 mm, 83.1500 mm): Via [D-] on F.Cu - B.Cu
[clearance]: Clearance violation (netclass 'POWER' clearance 0.1500 mm; actual 0.1136 mm)
    Rule: netclass 'POWER'; error
    @(233.9751 mm, 80.0250 mm): Track [1V8] on F.Cu, length 0.0353 mm
    @(234.9702 mm, 79.7200 mm): Track [0V9] on F.Cu, length 0.9004 mm
[clearance]: Clearance violation (netclass 'POWER' clearance 0.1500 mm; actual 0.1042 mm)
    Rule: netclass 'POWER'; error
    @(235.0000 mm, 80.1000 mm): Track [1V8] on F.Cu, length 0.7071 mm
    @(237.0000 mm, 79.8000 mm): Track [0V9] on F.Cu, length 1.9498 mm
[clearance]: Clearance violation (netclass 'POWER' clearance 0.1500 mm; actual 0.1042 mm)
    Rule: netclass 'POWER'; error
    @(237.0000 mm, 79.8000 mm): Track [0V9] on F.Cu, length 1.9498 mm
    @(234.1000 mm, 80.1000 mm): Track [1V8] on F.Cu, length 0.9000 mm
[clearance]: Clearance violation (netclass 'POWER' clearance 0.1500 mm; actual 0.1443 mm)
    Rule: netclass 'POWER'; error
    @(234.9702 mm, 79.7200 mm): Track [0V9] on F.Cu, length 0.9004 mm
    @(233.9747 mm, 80.0250 mm): Track [1V8] on F.Cu, length 0.0003 mm
[clearance]: Clearance violation (netclass 'POWER' clearance 0.1500 mm; actual 0.1136 mm)
    Rule: netclass 'POWER'; error
    @(234.9702 mm, 79.7200 mm): Track [0V9] on F.Cu, length 0.9004 mm
    @(234.0000 mm, 80.0000 mm): Track [1V8] on F.Cu, length 0.1414 mm
[clearance]: Clearance violation (footprint U2 clearance 0.1000 mm; actual 0.0780 mm)
    Local override; error
    @(234.9702 mm, 79.7200 mm): Track [0V9] on F.Cu, length 0.9004 mm
    @(233.9747 mm, 80.0250 mm): Pad 26 [1V8] of U2 on F.Cu
[clearance]: Clearance violation (netclass 'POWER' clearance 0.1500 mm; actual 0.1042 mm)
    Rule: netclass 'POWER'; error
    @(235.0000 mm, 80.1000 mm): Track [1V8] on F.Cu, length 0.7071 mm
    @(235.0502 mm, 79.8000 mm): Track [0V9] on F.Cu, length 0.1131 mm
[clearance]: Clearance violation (netclass 'POWER' clearance 0.1500 mm; actual 0.1136 mm)
    Rule: netclass 'POWER'; error
    @(233.9751 mm, 80.0250 mm): Track [1V8] on F.Cu, length 0.0353 mm
    @(234.0698 mm, 79.7200 mm): Track [0V9] on F.Cu, length 0.1345 mm
[clearance]: Clearance violation (netclass 'USB' clearance 0.1500 mm; actual 0.1439 mm)
    Rule: netclass 'USB'; error
    @(233.9747 mm, 78.8248 mm): Track [D+] on F.Cu, length 0.0848 mm
    @(234.0347 mm, 79.2848 mm): Track [D-] on F.Cu, length 15.9653 mm
[clearance]: Clearance violation (netclass 'USB' clearance 0.1500 mm; actual 0.1010 mm)
    Rule: netclass 'USB'; error
    @(254.7525 mm, 83.3800 mm): Track [D+] on F.Cu, length 1.0607 mm
    @(254.7100 mm, 82.8200 mm): Via [D-] on F.Cu - B.Cu
[clearance]: Clearance violation (netclass 'USB' clearance 0.1500 mm; actual 0.0853 mm)
    Rule: netclass 'USB'; error
    @(234.1995 mm, 78.2000 mm): Track [3V3] on F.Cu, length 0.3178 mm
    @(234.0347 mm, 78.7648 mm): Track [D+] on F.Cu, length 15.9653 mm
[clearance]: Clearance violation (netclass 'USB' clearance 0.1500 mm; actual 0.0350 mm)
    Rule: netclass 'USB'; error
    @(250.7500 mm, 79.0500 mm): Pad 3 [GND] of U6 on F.Cu
    @(250.2150 mm, 78.7900 mm): Track [D+] on F.Cu, length 0.9627 mm
[clearance]: Clearance violation (netclass 'USB' clearance 0.1500 mm; actual 0.0853 mm)
    Rule: netclass 'USB'; error
    @(233.9747 mm, 78.8248 mm): Track [D+] on F.Cu, length 0.0848 mm
    @(234.1995 mm, 78.2000 mm): Track [3V3] on F.Cu, length 0.3178 mm
[silk_edge_clearance]: Silkscreen clipped by board edge (board setup constraints silk clearance 0.2000 mm; actual 0.1000 mm)
    Rule: board setup constraints silk; warning
    @(151.0500 mm, 97.8882 mm): Segment on Edge.Cuts
    @(150.9500 mm, 80.4000 mm): Dimension '107.8' on F.Silkscreen
[silk_edge_clearance]: Silkscreen clipped by board edge (board setup constraints silk clearance 0.2000 mm; actual 0.0000 mm)
    Rule: board setup constraints silk; warning
    @(151.0500 mm, 97.8882 mm): Segment on Edge.Cuts
    @(152.2000 mm, 80.4000 mm): Segment of J3_IN1 on F.Silkscreen
[silk_edge_clearance]: Silkscreen clipped by board edge (board setup constraints silk clearance 0.2000 mm; actual 0.0000 mm)
    Rule: board setup constraints silk; warning
    @(151.0500 mm, 97.8882 mm): Segment on Edge.Cuts
    @(152.2000 mm, 85.4000 mm): Segment of J3_IN1 on F.Silkscreen
[silk_edge_clearance]: Silkscreen clipped by board edge (board setup constraints silk clearance 0.2000 mm; actual 0.0000 mm)
    Rule: board setup constraints silk; warning
    @(151.0500 mm, 97.8882 mm): Segment on Edge.Cuts
    @(152.4000 mm, 70.1000 mm): Segment of J4_OUT1 on F.Silkscreen
[silk_edge_clearance]: Silkscreen clipped by board edge (board setup constraints silk clearance 0.2000 mm; actual 0.0000 mm)
    Rule: board setup constraints silk; warning
    @(151.0500 mm, 97.8882 mm): Segment on Edge.Cuts
    @(152.4000 mm, 75.1000 mm): Segment of J4_OUT1 on F.Silkscreen
[holes_co_located]: Drilled holes co-located
    Local override; warning
    @(230.6997 mm, 81.2251 mm): Via [GND] on F.Cu - B.Cu
    @(230.6997 mm, 81.2251 mm): Via [GND] on F.Cu - B.Cu
[holes_co_located]: Drilled holes co-located
    Local override; warning
    @(230.6997 mm, 81.2251 mm): Via [GND] on F.Cu - B.Cu
    @(230.6997 mm, 81.2251 mm): Via [GND] on F.Cu - B.Cu
[holes_co_located]: Drilled holes co-located
    Local override; warning
    @(230.6997 mm, 81.2251 mm): Via [GND] on F.Cu - B.Cu
    @(230.6997 mm, 81.2251 mm): Via [GND] on F.Cu - B.Cu
[holes_co_located]: Drilled holes co-located
    Local override; warning
    @(230.6997 mm, 81.2251 mm): Via [GND] on F.Cu - B.Cu
    @(230.6997 mm, 81.2251 mm): Via [GND] on F.Cu - B.Cu
[holes_co_located]: Drilled holes co-located
    Local override; warning
    @(230.6997 mm, 81.2251 mm): Via [GND] on F.Cu - B.Cu
    @(230.6997 mm, 81.2251 mm): Via [GND] on F.Cu - B.Cu
[holes_co_located]: Drilled holes co-located
    Local override; warning
    @(230.6997 mm, 81.2251 mm): Via [GND] on F.Cu - B.Cu
    @(230.6997 mm, 81.2251 mm): Via [GND] on F.Cu - B.Cu
[holes_co_located]: Drilled holes co-located
    Local override; warning
    @(230.6997 mm, 81.2251 mm): Via [GND] on F.Cu - B.Cu
    @(230.6997 mm, 81.2251 mm): Via [GND] on F.Cu - B.Cu
[holes_co_located]: Drilled holes co-located
    Local override; warning
    @(230.6997 mm, 81.2251 mm): Via [GND] on F.Cu - B.Cu
    @(230.6997 mm, 81.2251 mm): Via [GND] on F.Cu - B.Cu
[holes_co_located]: Drilled holes co-located
    Local override; warning
    @(230.6997 mm, 81.2251 mm): Via [GND] on F.Cu - B.Cu
    @(230.6997 mm, 81.2251 mm): Via [GND] on F.Cu - B.Cu
[holes_co_located]: Drilled holes co-located
    Local override; warning
    @(230.6997 mm, 81.2251 mm): Via [GND] on F.Cu - B.Cu
    @(230.6997 mm, 81.2251 mm): Via [GND] on F.Cu - B.Cu
[holes_co_located]: Drilled holes co-located
    Local override; warning
    @(230.6997 mm, 81.2251 mm): Via [GND] on F.Cu - B.Cu
    @(230.6997 mm, 81.2251 mm): Via [GND] on F.Cu - B.Cu
[holes_co_located]: Drilled holes co-located
    Local override; warning
    @(230.6997 mm, 81.2251 mm): Via [GND] on F.Cu - B.Cu
    @(230.6997 mm, 81.2251 mm): Via [GND] on F.Cu - B.Cu
[holes_co_located]: Drilled holes co-located
    Local override; warning
    @(230.6997 mm, 81.2251 mm): Via [GND] on F.Cu - B.Cu
    @(230.6997 mm, 81.2251 mm): Via [GND] on F.Cu - B.Cu
[holes_co_located]: Drilled holes co-located
    Local override; warning
    @(230.6997 mm, 81.2251 mm): Via [GND] on F.Cu - B.Cu
    @(230.6997 mm, 81.2251 mm): Via [GND] on F.Cu - B.Cu
[holes_co_located]: Drilled holes co-located
    Local override; warning
    @(230.6997 mm, 81.2251 mm): Via [GND] on F.Cu - B.Cu
    @(230.6997 mm, 81.2251 mm): Via [GND] on F.Cu - B.Cu
[holes_co_located]: Drilled holes co-located
    Local override; warning
    @(230.6997 mm, 81.2251 mm): Via [GND] on F.Cu - B.Cu
    @(230.6997 mm, 81.2251 mm): Via [GND] on F.Cu - B.Cu
[holes_co_located]: Drilled holes co-located
    Local override; warning
    @(230.6997 mm, 81.2251 mm): Via [GND] on F.Cu - B.Cu
    @(230.6997 mm, 81.2251 mm): Via [GND] on F.Cu - B.Cu
[holes_co_located]: Drilled holes co-located
    Local override; warning
    @(230.6997 mm, 81.2251 mm): Via [GND] on F.Cu - B.Cu
    @(230.6997 mm, 81.2251 mm): Via [GND] on F.Cu - B.Cu
[holes_co_located]: Drilled holes co-located
    Local override; warning
    @(230.6997 mm, 81.2251 mm): Via [GND] on F.Cu - B.Cu
    @(230.6997 mm, 81.2251 mm): Via [GND] on F.Cu - B.Cu
[holes_co_located]: Drilled holes co-located
    Local override; warning
    @(230.6997 mm, 81.2251 mm): Via [GND] on F.Cu - B.Cu
    @(230.6997 mm, 81.2251 mm): Via [GND] on F.Cu - B.Cu
[holes_co_located]: Drilled holes co-located
    Local override; warning
    @(230.6997 mm, 81.2251 mm): Via [GND] on F.Cu - B.Cu
    @(230.6997 mm, 81.2251 mm): Via [GND] on F.Cu - B.Cu
[holes_co_located]: Drilled holes co-located
    Local override; warning
    @(230.6997 mm, 81.2251 mm): Via [GND] on F.Cu - B.Cu
    @(230.6997 mm, 81.2251 mm): Via [GND] on F.Cu - B.Cu
[holes_co_located]: Drilled holes co-located
    Local override; warning
    @(230.6997 mm, 81.2251 mm): Via [GND] on F.Cu - B.Cu
    @(230.6997 mm, 81.2251 mm): Via [GND] on F.Cu - B.Cu
[holes_co_located]: Drilled holes co-located
    Local override; warning
    @(230.6997 mm, 81.2251 mm): Via [GND] on F.Cu - B.Cu
    @(230.6997 mm, 81.2251 mm): Via [GND] on F.Cu - B.Cu
[holes_co_located]: Drilled holes co-located
    Local override; warning
    @(230.6997 mm, 81.2251 mm): Via [GND] on F.Cu - B.Cu
    @(230.6997 mm, 81.2251 mm): Via [GND] on F.Cu - B.Cu
[holes_co_located]: Drilled holes co-located
    Local override; warning
    @(230.6997 mm, 81.2251 mm): Via [GND] on F.Cu - B.Cu
    @(230.6997 mm, 81.2251 mm): Via [GND] on F.Cu - B.Cu
[holes_co_located]: Drilled holes co-located
    Local override; warning
    @(230.6997 mm, 81.2251 mm): Via [GND] on F.Cu - B.Cu
    @(230.6997 mm, 81.2251 mm): Via [GND] on F.Cu - B.Cu
[holes_co_located]: Drilled holes co-located
    Local override; warning
    @(230.6997 mm, 81.2251 mm): Via [GND] on F.Cu - B.Cu
    @(230.6997 mm, 81.2251 mm): Via [GND] on F.Cu - B.Cu
[holes_co_located]: Drilled holes co-located
    Local override; warning
    @(230.6997 mm, 81.2251 mm): Via [GND] on F.Cu - B.Cu
    @(230.6997 mm, 81.2251 mm): Via [GND] on F.Cu - B.Cu
[holes_co_located]: Drilled holes co-located
    Local override; warning
    @(230.6997 mm, 81.2251 mm): Via [GND] on F.Cu - B.Cu
    @(230.6997 mm, 81.2251 mm): Via [GND] on F.Cu - B.Cu
[holes_co_located]: Drilled holes co-located
    Local override; warning
    @(230.6997 mm, 81.2251 mm): Via [GND] on F.Cu - B.Cu
    @(230.6997 mm, 81.2251 mm): Via [GND] on F.Cu - B.Cu
[holes_co_located]: Drilled holes co-located
    Local override; warning
    @(230.6997 mm, 81.2251 mm): Via [GND] on F.Cu - B.Cu
    @(230.6997 mm, 81.2251 mm): Via [GND] on F.Cu - B.Cu
[holes_co_located]: Drilled holes co-located
    Local override; warning
    @(230.6997 mm, 81.2251 mm): Via [GND] on F.Cu - B.Cu
    @(230.6997 mm, 81.2251 mm): Via [GND] on F.Cu - B.Cu
[holes_co_located]: Drilled holes co-located
    Local override; warning
    @(230.6997 mm, 81.2251 mm): Via [GND] on F.Cu - B.Cu
    @(230.6997 mm, 81.2251 mm): Via [GND] on F.Cu - B.Cu
[holes_co_located]: Drilled holes co-located
    Local override; warning
    @(230.6997 mm, 81.2251 mm): Via [GND] on F.Cu - B.Cu
    @(230.6997 mm, 81.2251 mm): Via [GND] on F.Cu - B.Cu
[holes_co_located]: Drilled holes co-located
    Local override; warning
    @(230.6997 mm, 81.2251 mm): Via [GND] on F.Cu - B.Cu
    @(230.6997 mm, 81.2251 mm): Via [GND] on F.Cu - B.Cu
[holes_co_located]: Drilled holes co-located
    Local override; warning
    @(230.6997 mm, 81.2251 mm): Via [GND] on F.Cu - B.Cu
    @(230.6997 mm, 81.2251 mm): Via [GND] on F.Cu - B.Cu
[holes_co_located]: Drilled holes co-located
    Local override; warning
    @(230.6997 mm, 81.2251 mm): Via [GND] on F.Cu - B.Cu
    @(230.6997 mm, 81.2251 mm): Via [GND] on F.Cu - B.Cu
[holes_co_located]: Drilled holes co-located
    Local override; warning
    @(230.6997 mm, 81.2251 mm): Via [GND] on F.Cu - B.Cu
    @(230.6997 mm, 81.2251 mm): Via [GND] on F.Cu - B.Cu
[holes_co_located]: Drilled holes co-located
    Local override; warning
    @(230.6997 mm, 81.2251 mm): Via [GND] on F.Cu - B.Cu
    @(230.6997 mm, 81.2251 mm): Via [GND] on F.Cu - B.Cu
[holes_co_located]: Drilled holes co-located
    Local override; warning
    @(230.6997 mm, 81.2251 mm): Via [GND] on F.Cu - B.Cu
    @(230.6997 mm, 81.2251 mm): Via [GND] on F.Cu - B.Cu
[holes_co_located]: Drilled holes co-located
    Local override; warning
    @(230.6997 mm, 81.2251 mm): Via [GND] on F.Cu - B.Cu
    @(230.6997 mm, 81.2251 mm): Via [GND] on F.Cu - B.Cu
[holes_co_located]: Drilled holes co-located
    Local override; warning
    @(230.6997 mm, 81.2251 mm): Via [GND] on F.Cu - B.Cu
    @(230.6997 mm, 81.2251 mm): Via [GND] on F.Cu - B.Cu
[holes_co_located]: Drilled holes co-located
    Local override; warning
    @(230.6997 mm, 81.2251 mm): Via [GND] on F.Cu - B.Cu
    @(230.6997 mm, 81.2251 mm): Via [GND] on F.Cu - B.Cu
[holes_co_located]: Drilled holes co-located
    Local override; warning
    @(230.6997 mm, 81.2251 mm): Via [GND] on F.Cu - B.Cu
    @(230.6997 mm, 81.2251 mm): Via [GND] on F.Cu - B.Cu
[holes_co_located]: Drilled holes co-located
    Local override; warning
    @(230.6997 mm, 81.2251 mm): Via [GND] on F.Cu - B.Cu
    @(230.6997 mm, 81.2251 mm): Via [GND] on F.Cu - B.Cu
[holes_co_located]: Drilled holes co-located
    Local override; warning
    @(230.6997 mm, 81.2251 mm): Via [GND] on F.Cu - B.Cu
    @(230.6997 mm, 81.2251 mm): Via [GND] on F.Cu - B.Cu
[holes_co_located]: Drilled holes co-located
    Local override; warning
    @(230.6997 mm, 81.2251 mm): Via [GND] on F.Cu - B.Cu
    @(230.6997 mm, 81.2251 mm): Via [GND] on F.Cu - B.Cu
[holes_co_located]: Drilled holes co-located
    Local override; warning
    @(230.6997 mm, 81.2251 mm): Via [GND] on F.Cu - B.Cu
    @(230.6997 mm, 81.2251 mm): Via [GND] on F.Cu - B.Cu
[holes_co_located]: Drilled holes co-located
    Local override; warning
    @(230.6997 mm, 81.2251 mm): Via [GND] on F.Cu - B.Cu
    @(230.6997 mm, 81.2251 mm): Via [GND] on F.Cu - B.Cu
[holes_co_located]: Drilled holes co-located
    Local override; warning
    @(230.6997 mm, 81.2251 mm): Via [GND] on F.Cu - B.Cu
    @(230.6997 mm, 81.2251 mm): Via [GND] on F.Cu - B.Cu
[holes_co_located]: Drilled holes co-located
    Local override; warning
    @(230.6997 mm, 81.2251 mm): Via [GND] on F.Cu - B.Cu
    @(230.6997 mm, 81.2251 mm): Via [GND] on F.Cu - B.Cu
[holes_co_located]: Drilled holes co-located
    Local override; warning
    @(230.6997 mm, 81.2251 mm): Via [GND] on F.Cu - B.Cu
    @(230.6997 mm, 81.2251 mm): Via [GND] on F.Cu - B.Cu
[holes_co_located]: Drilled holes co-located
    Local override; warning
    @(230.6997 mm, 81.2251 mm): Via [GND] on F.Cu - B.Cu
    @(230.6997 mm, 81.2251 mm): Via [GND] on F.Cu - B.Cu
[holes_co_located]: Drilled holes co-located
    Local override; warning
    @(230.6997 mm, 81.2251 mm): Via [GND] on F.Cu - B.Cu
    @(230.6997 mm, 81.2251 mm): Via [GND] on F.Cu - B.Cu
[holes_co_located]: Drilled holes co-located
    Local override; warning
    @(230.6997 mm, 81.2251 mm): Via [GND] on F.Cu - B.Cu
    @(230.6997 mm, 81.2251 mm): Via [GND] on F.Cu - B.Cu
[holes_co_located]: Drilled holes co-located
    Local override; warning
    @(230.6997 mm, 81.2251 mm): Via [GND] on F.Cu - B.Cu
    @(230.6997 mm, 81.2251 mm): Via [GND] on F.Cu - B.Cu
[holes_co_located]: Drilled holes co-located
    Local override; warning
    @(230.6997 mm, 81.2251 mm): Via [GND] on F.Cu - B.Cu
    @(230.6997 mm, 81.2251 mm): Via [GND] on F.Cu - B.Cu
[holes_co_located]: Drilled holes co-located
    Local override; warning
    @(230.6997 mm, 81.2251 mm): Via [GND] on F.Cu - B.Cu
    @(230.6997 mm, 81.2251 mm): Via [GND] on F.Cu - B.Cu
[holes_co_located]: Drilled holes co-located
    Local override; warning
    @(230.6997 mm, 81.2251 mm): Via [GND] on F.Cu - B.Cu
    @(230.6997 mm, 81.2251 mm): Via [GND] on F.Cu - B.Cu
[holes_co_located]: Drilled holes co-located
    Local override; warning
    @(230.6997 mm, 81.2251 mm): Via [GND] on F.Cu - B.Cu
    @(230.6997 mm, 81.2251 mm): Via [GND] on F.Cu - B.Cu
[holes_co_located]: Drilled holes co-located
    Local override; warning
    @(230.6997 mm, 81.2251 mm): Via [GND] on F.Cu - B.Cu
    @(230.6997 mm, 81.2251 mm): Via [GND] on F.Cu - B.Cu
[holes_co_located]: Drilled holes co-located
    Local override; warning
    @(230.6997 mm, 81.2251 mm): Via [GND] on F.Cu - B.Cu
    @(230.6997 mm, 81.2251 mm): Via [GND] on F.Cu - B.Cu
[holes_co_located]: Drilled holes co-located
    Local override; warning
    @(230.6997 mm, 81.2251 mm): Via [GND] on F.Cu - B.Cu
    @(230.6997 mm, 81.2251 mm): Via [GND] on F.Cu - B.Cu
[holes_co_located]: Drilled holes co-located
    Local override; warning
    @(230.6997 mm, 81.2251 mm): Via [GND] on F.Cu - B.Cu
    @(230.6997 mm, 81.2251 mm): Via [GND] on F.Cu - B.Cu
[holes_co_located]: Drilled holes co-located
    Local override; warning
    @(230.6997 mm, 81.2251 mm): Via [GND] on F.Cu - B.Cu
    @(230.6997 mm, 81.2251 mm): Via [GND] on F.Cu - B.Cu
[holes_co_located]: Drilled holes co-located
    Local override; warning
    @(230.6997 mm, 81.2251 mm): Via [GND] on F.Cu - B.Cu
    @(230.6997 mm, 81.2251 mm): Via [GND] on F.Cu - B.Cu
[holes_co_located]: Drilled holes co-located
    Local override; warning
    @(230.6997 mm, 81.2251 mm): Via [GND] on F.Cu - B.Cu
    @(230.6997 mm, 81.2251 mm): Via [GND] on F.Cu - B.Cu
[holes_co_located]: Drilled holes co-located
    Local override; warning
    @(230.6997 mm, 81.2251 mm): Via [GND] on F.Cu - B.Cu
    @(230.6997 mm, 81.2251 mm): Via [GND] on F.Cu - B.Cu
[holes_co_located]: Drilled holes co-located
    Local override; warning
    @(230.6997 mm, 81.2251 mm): Via [GND] on F.Cu - B.Cu
    @(230.6997 mm, 81.2251 mm): Via [GND] on F.Cu - B.Cu
[holes_co_located]: Drilled holes co-located
    Local override; warning
    @(230.6997 mm, 81.2251 mm): Via [GND] on F.Cu - B.Cu
    @(230.6997 mm, 81.2251 mm): Via [GND] on F.Cu - B.Cu
[holes_co_located]: Drilled holes co-located
    Local override; warning
    @(230.6997 mm, 81.2251 mm): Via [GND] on F.Cu - B.Cu
    @(230.6997 mm, 81.2251 mm): Via [GND] on F.Cu - B.Cu
[holes_co_located]: Drilled holes co-located
    Local override; warning
    @(230.6997 mm, 81.2251 mm): Via [GND] on F.Cu - B.Cu
    @(230.6997 mm, 81.2251 mm): Via [GND] on F.Cu - B.Cu
[holes_co_located]: Drilled holes co-located
    Local override; warning
    @(230.6997 mm, 81.2251 mm): Via [GND] on F.Cu - B.Cu
    @(230.6997 mm, 81.2251 mm): Via [GND] on F.Cu - B.Cu
[holes_co_located]: Drilled holes co-located
    Local override; warning
    @(230.6997 mm, 81.2251 mm): Via [GND] on F.Cu - B.Cu
    @(230.6997 mm, 81.2251 mm): Via [GND] on F.Cu - B.Cu
[holes_co_located]: Drilled holes co-located
    Local override; warning
    @(230.6997 mm, 81.2251 mm): Via [GND] on F.Cu - B.Cu
    @(230.6997 mm, 81.2251 mm): Via [GND] on F.Cu - B.Cu
[holes_co_located]: Drilled holes co-located
    Local override; warning
    @(230.6997 mm, 81.2251 mm): Via [GND] on F.Cu - B.Cu
    @(230.6997 mm, 81.2251 mm): Via [GND] on F.Cu - B.Cu
[holes_co_located]: Drilled holes co-located
    Local override; warning
    @(230.6997 mm, 81.2251 mm): Via [GND] on F.Cu - B.Cu
    @(230.6997 mm, 81.2251 mm): Via [GND] on F.Cu - B.Cu
[hole_to_hole]: Drilled hole too close to other hole (board setup constraints min 0.4995 mm; actual 0.4403 mm)
    Rule: board setup constraints; warning
    @(226.3000 mm, 87.4000 mm): Via [0V9] on F.Cu - B.Cu
    @(226.8000 mm, 87.0000 mm): Via [HLD_RST_IO3] on F.Cu - B.Cu
[hole_to_hole]: Drilled hole too close to other hole (board setup constraints min 0.4995 mm; actual 0.4403 mm)
    Rule: board setup constraints; warning
    @(232.1000 mm, 86.3000 mm): Via [0V9] on F.Cu - B.Cu
    @(232.6000 mm, 86.7000 mm): Via [I2S_BCLK] on F.Cu - B.Cu
[hole_to_hole]: Drilled hole too close to other hole (board setup constraints min 0.4995 mm; actual 0.4000 mm)
    Rule: board setup constraints; warning
    @(232.3000 mm, 77.2000 mm): Via [0V9] on F.Cu - B.Cu
    @(231.7407 mm, 77.4172 mm): Via [XL_DN0] on F.Cu - B.Cu
[hole_to_hole]: Drilled hole too close to other hole (board setup constraints min 0.4995 mm; actual 0.4000 mm)
    Rule: board setup constraints; warning
    @(229.1000 mm, 76.4000 mm): Via [0V9] on F.Cu - B.Cu
    @(229.6884 mm, 76.5177 mm): Via [I2S_MCLK] on F.Cu - B.Cu
[hole_to_hole]: Drilled hole too close to other hole (board setup constraints min 0.4995 mm; actual 0.4068 mm)
    Rule: board setup constraints; warning
    @(231.3000 mm, 77.0000 mm): Via [3V3] on F.Cu - B.Cu
    @(231.7407 mm, 77.4172 mm): Via [XL_DN0] on F.Cu - B.Cu
[hole_to_hole]: Drilled hole too close to other hole (board setup constraints min 0.4995 mm; actual 0.4097 mm)
    Rule: board setup constraints; warning
    @(231.5000 mm, 77.9500 mm): Via [X1D18] on F.Cu - B.Cu
    @(231.7407 mm, 77.4172 mm): Via [XL_DN0] on F.Cu - B.Cu
[hole_to_hole]: Drilled hole too close to other hole (board setup constraints min 0.4995 mm; actual 0.3500 mm)
    Rule: board setup constraints; warning
    @(225.6957 mm, 84.1893 mm): Via [SI_IO0] on F.Cu - B.Cu
    @(225.9000 mm, 84.7000 mm): Via [WP_IO2] on F.Cu - B.Cu
[hole_to_hole]: Drilled hole too close to other hole (board setup constraints min 0.4995 mm; actual 0.4700 mm)
    Rule: board setup constraints; warning
    @(235.3200 mm, 95.7625 mm): PTH pad 1 [X0D41] of J3
    @(236.5900 mm, 95.7625 mm): PTH pad 2 [X0D42] of J3
[hole_to_hole]: Drilled hole too close to other hole (board setup constraints min 0.4995 mm; actual 0.4700 mm)
    Rule: board setup constraints; warning
    @(236.5900 mm, 95.7625 mm): PTH pad 2 [X0D42] of J3
    @(237.8600 mm, 95.7625 mm): PTH pad 3 [X0D43] of J3
[hole_to_hole]: Drilled hole too close to other hole (board setup constraints min 0.4995 mm; actual 0.4700 mm)
    Rule: board setup constraints; warning
    @(237.8600 mm, 95.7625 mm): PTH pad 3 [X0D43] of J3
    @(239.1300 mm, 95.7625 mm): PTH pad 4 [X1D09] of J3
[hole_to_hole]: Drilled hole too close to other hole (board setup constraints min 0.4995 mm; actual 0.4700 mm)
    Rule: board setup constraints; warning
    @(240.4000 mm, 95.7625 mm): PTH pad 5 [X1D11] of J3
    @(239.1300 mm, 95.7625 mm): PTH pad 4 [X1D09] of J3
[hole_to_hole]: Drilled hole too close to other hole (board setup constraints min 0.4995 mm; actual 0.4700 mm)
    Rule: board setup constraints; warning
    @(240.4000 mm, 95.7625 mm): PTH pad 5 [X1D11] of J3
    @(241.6700 mm, 95.7625 mm): PTH pad 6 [X1D13] of J3
[hole_to_hole]: Drilled hole too close to other hole (board setup constraints min 0.4995 mm; actual 0.4700 mm)
    Rule: board setup constraints; warning
    @(241.6700 mm, 95.7625 mm): PTH pad 6 [X1D13] of J3
    @(242.9400 mm, 95.7625 mm): PTH pad 7 [X1D22] of J3
[hole_to_hole]: Drilled hole too close to other hole (board setup constraints min 0.4995 mm; actual 0.4700 mm)
    Rule: board setup constraints; warning
    @(242.9400 mm, 95.7625 mm): PTH pad 7 [X1D22] of J3
    @(244.2100 mm, 95.7625 mm): PTH pad 8 [RESET] of J3
[hole_to_hole]: Drilled hole too close to other hole (board setup constraints min 0.4995 mm; actual 0.4700 mm)
    Rule: board setup constraints; warning
    @(245.4800 mm, 95.7625 mm): PTH pad 9 [5V] of J3
    @(244.2100 mm, 95.7625 mm): PTH pad 8 [RESET] of J3
[hole_to_hole]: Drilled hole too close to other hole (board setup constraints min 0.4995 mm; actual 0.4700 mm)
    Rule: board setup constraints; warning
    @(245.4800 mm, 95.7625 mm): PTH pad 9 [5V] of J3
    @(246.7500 mm, 95.7625 mm): PTH pad 10 [3V3] of J3
[hole_to_hole]: Drilled hole too close to other hole (board setup constraints min 0.4995 mm; actual 0.4700 mm)
    Rule: board setup constraints; warning
    @(168.2200 mm, 90.6000 mm): PTH pad 1 [1V8] of U8
    @(166.9500 mm, 90.6000 mm): PTH pad 3 [GND] of U8
[hole_to_hole]: Drilled hole too close to other hole (board setup constraints min 0.4995 mm; actual 0.4700 mm)
    Rule: board setup constraints; warning
    @(168.2200 mm, 90.6000 mm): PTH pad 1 [1V8] of U8
    @(168.2200 mm, 91.8700 mm): PTH pad 2 [xSYS2_TMS] of U8
[hole_to_hole]: Drilled hole too close to other hole (board setup constraints min 0.4995 mm; actual 0.4700 mm)
    Rule: board setup constraints; warning
    @(166.9500 mm, 91.8700 mm): PTH pad 4 [xSYS2_TCK] of U8
    @(168.2200 mm, 91.8700 mm): PTH pad 2 [xSYS2_TMS] of U8
[hole_to_hole]: Drilled hole too close to other hole (board setup constraints min 0.4995 mm; actual 0.4700 mm)
    Rule: board setup constraints; warning
    @(166.9500 mm, 91.8700 mm): PTH pad 4 [xSYS2_TCK] of U8
    @(166.9500 mm, 90.6000 mm): PTH pad 3 [GND] of U8
[hole_to_hole]: Drilled hole too close to other hole (board setup constraints min 0.4995 mm; actual 0.4700 mm)
    Rule: board setup constraints; warning
    @(165.6800 mm, 90.6000 mm): PTH pad 5 [GND] of U8
    @(166.9500 mm, 90.6000 mm): PTH pad 3 [GND] of U8
[hole_to_hole]: Drilled hole too close to other hole (board setup constraints min 0.4995 mm; actual 0.4700 mm)
    Rule: board setup constraints; warning
    @(166.9500 mm, 91.8700 mm): PTH pad 4 [xSYS2_TCK] of U8
    @(165.6800 mm, 91.8700 mm): PTH pad 6 [xSYS2_TDO] of U8
[hole_to_hole]: Drilled hole too close to other hole (board setup constraints min 0.4995 mm; actual 0.4700 mm)
    Rule: board setup constraints; warning
    @(165.6800 mm, 91.8700 mm): PTH pad 6 [xSYS2_TDO] of U8
    @(165.6800 mm, 90.6000 mm): PTH pad 5 [GND] of U8
[hole_to_hole]: Drilled hole too close to other hole (board setup constraints min 0.4995 mm; actual 0.4700 mm)
    Rule: board setup constraints; warning
    @(164.4100 mm, 90.6000 mm): PTH pad 7 [GND] of U8
    @(165.6800 mm, 90.6000 mm): PTH pad 5 [GND] of U8
[hole_to_hole]: Drilled hole too close to other hole (board setup constraints min 0.4995 mm; actual 0.4700 mm)
    Rule: board setup constraints; warning
    @(165.6800 mm, 91.8700 mm): PTH pad 6 [xSYS2_TDO] of U8
    @(164.4100 mm, 91.8700 mm): PTH pad 8 [xSYS2_TDI] of U8
[hole_to_hole]: Drilled hole too close to other hole (board setup constraints min 0.4995 mm; actual 0.4700 mm)
    Rule: board setup constraints; warning
    @(163.1400 mm, 90.6000 mm): PTH pad 9 [GND] of U8
    @(164.4100 mm, 90.6000 mm): PTH pad 7 [GND] of U8
[hole_to_hole]: Drilled hole too close to other hole (board setup constraints min 0.4995 mm; actual 0.4700 mm)
    Rule: board setup constraints; warning
    @(164.4100 mm, 90.6000 mm): PTH pad 7 [GND] of U8
    @(164.4100 mm, 91.8700 mm): PTH pad 8 [xSYS2_TDI] of U8
[hole_to_hole]: Drilled hole too close to other hole (board setup constraints min 0.4995 mm; actual 0.4700 mm)
    Rule: board setup constraints; warning
    @(164.4100 mm, 91.8700 mm): PTH pad 8 [xSYS2_TDI] of U8
    @(163.1400 mm, 91.8700 mm): PTH pad 10 [RESET] of U8
[hole_to_hole]: Drilled hole too close to other hole (board setup constraints min 0.4995 mm; actual 0.4700 mm)
    Rule: board setup constraints; warning
    @(163.1400 mm, 90.6000 mm): PTH pad 9 [GND] of U8
    @(163.1400 mm, 91.8700 mm): PTH pad 10 [RESET] of U8
[hole_to_hole]: Drilled hole too close to other hole (board setup constraints min 0.4995 mm; actual 0.4700 mm)
    Rule: board setup constraints; warning
    @(163.1400 mm, 90.6000 mm): PTH pad 9 [GND] of U8
    @(161.8700 mm, 90.6000 mm): PTH pad 11 [3V3] of U8
[hole_to_hole]: Drilled hole too close to other hole (board setup constraints min 0.4995 mm; actual 0.4700 mm)
    Rule: board setup constraints; warning
    @(161.8700 mm, 91.8700 mm): PTH pad 12 [XL_DN1] of U8
    @(163.1400 mm, 91.8700 mm): PTH pad 10 [RESET] of U8
[hole_to_hole]: Drilled hole too close to other hole (board setup constraints min 0.4995 mm; actual 0.4700 mm)
    Rule: board setup constraints; warning
    @(161.8700 mm, 90.6000 mm): PTH pad 11 [3V3] of U8
    @(161.8700 mm, 91.8700 mm): PTH pad 12 [XL_DN1] of U8
[hole_to_hole]: Drilled hole too close to other hole (board setup constraints min 0.4995 mm; actual 0.4700 mm)
    Rule: board setup constraints; warning
    @(161.8700 mm, 90.6000 mm): PTH pad 11 [3V3] of U8
    @(160.6000 mm, 90.6000 mm): PTH pad 13 [GND] of U8
[hole_to_hole]: Drilled hole too close to other hole (board setup constraints min 0.4995 mm; actual 0.4700 mm)
    Rule: board setup constraints; warning
    @(160.6000 mm, 91.8700 mm): PTH pad 14 [XL_DN0] of U8
    @(161.8700 mm, 91.8700 mm): PTH pad 12 [XL_DN1] of U8
[hole_to_hole]: Drilled hole too close to other hole (board setup constraints min 0.4995 mm; actual 0.4700 mm)
    Rule: board setup constraints; warning
    @(160.6000 mm, 91.8700 mm): PTH pad 14 [XL_DN0] of U8
    @(160.6000 mm, 90.6000 mm): PTH pad 13 [GND] of U8
[hole_to_hole]: Drilled hole too close to other hole (board setup constraints min 0.4995 mm; actual 0.4700 mm)
    Rule: board setup constraints; warning
    @(159.3300 mm, 90.6000 mm): PTH pad 15 [GND] of U8
    @(160.6000 mm, 90.6000 mm): PTH pad 13 [GND] of U8
[hole_to_hole]: Drilled hole too close to other hole (board setup constraints min 0.4995 mm; actual 0.4700 mm)
    Rule: board setup constraints; warning
    @(160.6000 mm, 91.8700 mm): PTH pad 14 [XL_DN0] of U8
    @(159.3300 mm, 91.8700 mm): PTH pad 16 [XL_UP0] of U8
[hole_to_hole]: Drilled hole too close to other hole (board setup constraints min 0.4995 mm; actual 0.4700 mm)
    Rule: board setup constraints; warning
    @(159.3300 mm, 90.6000 mm): PTH pad 15 [GND] of U8
    @(159.3300 mm, 91.8700 mm): PTH pad 16 [XL_UP0] of U8
[hole_to_hole]: Drilled hole too close to other hole (board setup constraints min 0.4995 mm; actual 0.4700 mm)
    Rule: board setup constraints; warning
    @(159.3300 mm, 90.6000 mm): PTH pad 15 [GND] of U8
    @(158.0600 mm, 90.6000 mm): PTH pad 17 [GND] of U8
[hole_to_hole]: Drilled hole too close to other hole (board setup constraints min 0.4995 mm; actual 0.4700 mm)
    Rule: board setup constraints; warning
    @(158.0600 mm, 91.8700 mm): PTH pad 18 [XL_UP1] of U8
    @(159.3300 mm, 91.8700 mm): PTH pad 16 [XL_UP0] of U8
[hole_to_hole]: Drilled hole too close to other hole (board setup constraints min 0.4995 mm; actual 0.4700 mm)
    Rule: board setup constraints; warning
    @(158.0600 mm, 91.8700 mm): PTH pad 18 [XL_UP1] of U8
    @(158.0600 mm, 90.6000 mm): PTH pad 17 [GND] of U8
[hole_to_hole]: Drilled hole too close to other hole (board setup constraints min 0.4995 mm; actual 0.4700 mm)
    Rule: board setup constraints; warning
    @(156.7900 mm, 90.6000 mm): PTH pad 19 [GND] of U8
    @(158.0600 mm, 90.6000 mm): PTH pad 17 [GND] of U8
[hole_to_hole]: Drilled hole too close to other hole (board setup constraints min 0.4995 mm; actual 0.4700 mm)
    Rule: board setup constraints; warning
    @(158.0600 mm, 91.8700 mm): PTH pad 18 [XL_UP1] of U8
    @(156.7900 mm, 91.8700 mm): PTH pad 20 [unconnected-(U8-DEBUG_N-Pad20)] of U8
[hole_to_hole]: Drilled hole too close to other hole (board setup constraints min 0.4995 mm; actual 0.4700 mm)
    Rule: board setup constraints; warning
    @(156.7900 mm, 90.6000 mm): PTH pad 19 [GND] of U8
    @(156.7900 mm, 91.8700 mm): PTH pad 20 [unconnected-(U8-DEBUG_N-Pad20)] of U8
[hole_to_hole]: Drilled hole too close to other hole (board setup constraints min 0.4995 mm; actual 0.4700 mm)
    Rule: board setup constraints; warning
    @(212.1500 mm, 70.4000 mm): PTH pad 1 [X0D00] of J2
    @(213.4200 mm, 70.4000 mm): PTH pad 2 [X0D11] of J2
[hole_to_hole]: Drilled hole too close to other hole (board setup constraints min 0.4995 mm; actual 0.4700 mm)
    Rule: board setup constraints; warning
    @(214.6900 mm, 70.4000 mm): PTH pad 3 [X0D29] of J2
    @(213.4200 mm, 70.4000 mm): PTH pad 2 [X0D11] of J2
[hole_to_hole]: Drilled hole too close to other hole (board setup constraints min 0.4995 mm; actual 0.4700 mm)
    Rule: board setup constraints; warning
    @(214.6900 mm, 70.4000 mm): PTH pad 3 [X0D29] of J2
    @(215.9600 mm, 70.4000 mm): PTH pad 4 [X0D30] of J2
[hole_to_hole]: Drilled hole too close to other hole (board setup constraints min 0.4995 mm; actual 0.4700 mm)
    Rule: board setup constraints; warning
    @(215.9600 mm, 70.4000 mm): PTH pad 4 [X0D30] of J2
    @(217.2300 mm, 70.4000 mm): PTH pad 5 [X0D31] of J2
[hole_to_hole]: Drilled hole too close to other hole (board setup constraints min 0.4995 mm; actual 0.4700 mm)
    Rule: board setup constraints; warning
    @(217.2300 mm, 70.4000 mm): PTH pad 5 [X0D31] of J2
    @(218.5000 mm, 70.4000 mm): PTH pad 6 [X0D32] of J2
[hole_to_hole]: Drilled hole too close to other hole (board setup constraints min 0.4995 mm; actual 0.4700 mm)
    Rule: board setup constraints; warning
    @(219.7700 mm, 70.4000 mm): PTH pad 7 [X0D33] of J2
    @(218.5000 mm, 70.4000 mm): PTH pad 6 [X0D32] of J2
[hole_to_hole]: Drilled hole too close to other hole (board setup constraints min 0.4995 mm; actual 0.4700 mm)
    Rule: board setup constraints; warning
    @(221.0400 mm, 70.4000 mm): PTH pad 8 [X0D36] of J2
    @(219.7700 mm, 70.4000 mm): PTH pad 7 [X0D33] of J2
[hole_to_hole]: Drilled hole too close to other hole (board setup constraints min 0.4995 mm; actual 0.4700 mm)
    Rule: board setup constraints; warning
    @(221.0400 mm, 70.4000 mm): PTH pad 8 [X0D36] of J2
    @(222.3100 mm, 70.4000 mm): PTH pad 9 [X0D39] of J2
[hole_to_hole]: Drilled hole too close to other hole (board setup constraints min 0.4995 mm; actual 0.4700 mm)
    Rule: board setup constraints; warning
    @(222.3100 mm, 70.4000 mm): PTH pad 9 [X0D39] of J2
    @(223.5800 mm, 70.4000 mm): PTH pad 10 [GND] of J2
[drill_out_of_range]: Hole size out of range (board setup constraints min hole 0.3000 mm; actual 0.1500 mm)
    Rule: flag vias not 0.5/0.2; error
    @(221.5000 mm, 93.7000 mm): Via [xSYS2_TMS] on F.Cu - B.Cu
[drill_out_of_range]: Hole size out of range (board setup constraints min hole 0.3000 mm; actual 0.1500 mm)
    Rule: flag vias not 0.5/0.2; error
    @(171.1000 mm, 91.9000 mm): Via [xSYS2_TMS] on F.Cu - B.Cu
[drill_out_of_range]: Hole size out of range (board setup constraints min hole 0.3000 mm; actual 0.1500 mm)
    Rule: flag vias not 0.5/0.2; error
    @(234.5000 mm, 81.3000 mm): Via [xSYS2_TMS] on F.Cu - B.Cu
[drill_out_of_range]: Hole size out of range (board setup constraints min hole 0.3000 mm; actual 0.2000 mm)
    Rule: flag vias not 0.5/0.2; error
    @(235.5000 mm, 80.6000 mm): Via [1V8] on F.Cu - B.Cu
[drill_out_of_range]: Hole size out of range (board setup constraints min hole 0.3000 mm; actual 0.2000 mm)
    Rule: flag vias not 0.5/0.2; error
    @(235.8000 mm, 83.7000 mm): Via [1V8] on F.Cu - B.Cu
[drill_out_of_range]: Hole size out of range (board setup constraints min hole 0.3000 mm; actual 0.2000 mm)
    Rule: flag vias not 0.5/0.2; error
    @(239.9000 mm, 75.0000 mm): Via [1V8] on F.Cu - B.Cu
[drill_out_of_range]: Hole size out of range (board setup constraints min hole 0.3000 mm; actual 0.2000 mm)
    Rule: flag vias not 0.5/0.2; error
    @(234.7000 mm, 83.7000 mm): Via [1V8] on F.Cu - B.Cu
[drill_out_of_range]: Hole size out of range (board setup constraints min hole 0.3000 mm; actual 0.2000 mm)
    Rule: flag vias not 0.5/0.2; error
    @(178.9000 mm, 85.4000 mm): Via [1V8] on F.Cu - B.Cu
[drill_out_of_range]: Hole size out of range (board setup constraints min hole 0.3000 mm; actual 0.2000 mm)
    Rule: flag vias not 0.5/0.2; error
    @(236.4000 mm, 74.8000 mm): Via [1V8] on F.Cu - B.Cu
[drill_out_of_range]: Hole size out of range (board setup constraints min hole 0.3000 mm; actual 0.2000 mm)
    Rule: flag vias not 0.5/0.2; error
    @(234.5000 mm, 77.6000 mm): Via [1V8] on F.Cu - B.Cu
[drill_out_of_range]: Hole size out of range (board setup constraints min hole 0.3000 mm; actual 0.2000 mm)
    Rule: flag vias not 0.5/0.2; error
    @(225.9000 mm, 75.0000 mm): Via [I2C_SCL] on F.Cu - B.Cu
[drill_out_of_range]: Hole size out of range (board setup constraints min hole 0.3000 mm; actual 0.2000 mm)
    Rule: flag vias not 0.5/0.2; error
    @(192.6000 mm, 78.4000 mm): Via [I2C_SCL] on F.Cu - B.Cu
[drill_out_of_range]: Hole size out of range (board setup constraints min hole 0.3000 mm; actual 0.2000 mm)
    Rule: flag vias not 0.5/0.2; error
    @(206.5000 mm, 84.6000 mm): Via [CS] on F.Cu - B.Cu
[drill_out_of_range]: Hole size out of range (board setup constraints min hole 0.3000 mm; actual 0.2000 mm)
    Rule: flag vias not 0.5/0.2; error
    @(228.0000 mm, 85.7000 mm): Via [CS] on F.Cu - B.Cu
[drill_out_of_range]: Hole size out of range (board setup constraints min hole 0.3000 mm; actual 0.1500 mm)
    Rule: flag vias not 0.5/0.2; error
    @(221.9000 mm, 86.6000 mm): Via [CS] on F.Cu - B.Cu
[drill_out_of_range]: Hole size out of range (board setup constraints min hole 0.3000 mm; actual 0.2000 mm)
    Rule: flag vias not 0.5/0.2; error
    @(222.9000 mm, 81.3000 mm): Via [I2S_ADC_DATA] on F.Cu - B.Cu
[drill_out_of_range]: Hole size out of range (board setup constraints min hole 0.3000 mm; actual 0.2000 mm)
    Rule: flag vias not 0.5/0.2; error
    @(194.1000 mm, 80.4000 mm): Via [I2S_ADC_DATA] on F.Cu - B.Cu
[drill_out_of_range]: Hole size out of range (board setup constraints min hole 0.3000 mm; actual 0.2000 mm)
    Rule: flag vias not 0.5/0.2; error
    @(254.7100 mm, 82.8200 mm): Via [D-] on F.Cu - B.Cu
[drill_out_of_range]: Hole size out of range (board setup constraints min hole 0.3000 mm; actual 0.2000 mm)
    Rule: flag vias not 0.5/0.2; error
    @(255.6200 mm, 83.1500 mm): Via [D-] on F.Cu - B.Cu
[drill_out_of_range]: Hole size out of range (board setup constraints min hole 0.3000 mm; actual 0.1500 mm)
    Rule: flag vias not 0.5/0.2; error
    @(233.7000 mm, 85.0000 mm): Via [xSYS2_TDI] on F.Cu - B.Cu
[drill_out_of_range]: Hole size out of range (board setup constraints min hole 0.3000 mm; actual 0.1500 mm)
    Rule: flag vias not 0.5/0.2; error
    @(164.4000 mm, 93.2500 mm): Via [xSYS2_TDI] on F.Cu - B.Cu
[drill_out_of_range]: Hole size out of range (board setup constraints min hole 0.3000 mm; actual 0.1500 mm)
    Rule: flag vias not 0.5/0.2; error
    @(233.0500 mm, 84.0000 mm): Via [xSYS2_TDI] on F.Cu - B.Cu
[drill_out_of_range]: Hole size out of range (board setup constraints min hole 0.3000 mm; actual 0.2000 mm)
    Rule: flag vias not 0.5/0.2; error
    @(220.2000 mm, 73.6000 mm): Via [I2C_SDA] on F.Cu - B.Cu
[drill_out_of_range]: Hole size out of range (board setup constraints min hole 0.3000 mm; actual 0.2000 mm)
    Rule: flag vias not 0.5/0.2; error
    @(192.1000 mm, 79.0000 mm): Via [I2C_SDA] on F.Cu - B.Cu
[drill_out_of_range]: Hole size out of range (board setup constraints min hole 0.3000 mm; actual 0.1500 mm)
    Rule: flag vias not 0.5/0.2; error
    @(236.4000 mm, 82.0000 mm): Via [RESET] on F.Cu - B.Cu
[drill_out_of_range]: Hole size out of range (board setup constraints min hole 0.3000 mm; actual 0.2000 mm)
    Rule: flag vias not 0.5/0.2; error
    @(193.0000 mm, 85.7000 mm): Via [I2S_DAC_DATA] on F.Cu - B.Cu
[drill_out_of_range]: Hole size out of range (board setup constraints min hole 0.3000 mm; actual 0.2000 mm)
    Rule: flag vias not 0.5/0.2; error
    @(227.4000 mm, 88.4000 mm): Via [I2S_DAC_DATA] on F.Cu - B.Cu
[drill_out_of_range]: Hole size out of range (board setup constraints min hole 0.3000 mm; actual 0.2000 mm)
    Rule: flag vias not 0.5/0.2; error
    @(213.9000 mm, 84.4000 mm): Via [X0D43] on F.Cu - B.Cu
[drill_out_of_range]: Hole size out of range (board setup constraints min hole 0.3000 mm; actual 0.2000 mm)
    Rule: flag vias not 0.5/0.2; error
    @(225.6000 mm, 80.3751 mm): Via [X0D43] on F.Cu - B.Cu
[drill_out_of_range]: Hole size out of range (board setup constraints min hole 0.3000 mm; actual 0.2000 mm)
    Rule: flag vias not 0.5/0.2; error
    @(219.8281 mm, 83.8000 mm): Via [X0D43] on F.Cu - B.Cu
[drill_out_of_range]: Hole size out of range (board setup constraints min hole 0.3000 mm; actual 0.2000 mm)
    Rule: flag vias not 0.5/0.2; error
    @(252.4000 mm, 89.8400 mm): Via [GND] on F.Cu - B.Cu
[drill_out_of_range]: Hole size out of range (board setup constraints min hole 0.3000 mm; actual 0.2000 mm)
    Rule: flag vias not 0.5/0.2; error
    @(233.8500 mm, 93.3500 mm): Via [GND] on F.Cu - B.Cu
[drill_out_of_range]: Hole size out of range (board setup constraints min hole 0.3000 mm; actual 0.2000 mm)
    Rule: flag vias not 0.5/0.2; error
    @(231.4000 mm, 93.2000 mm): Via [GND] on F.Cu - B.Cu
[drill_out_of_range]: Hole size out of range (board setup constraints min hole 0.3000 mm; actual 0.2000 mm)
    Rule: flag vias not 0.5/0.2; error
    @(229.1000 mm, 82.8000 mm): Via [GND] on F.Cu - B.Cu
[drill_out_of_range]: Hole size out of range (board setup constraints min hole 0.3000 mm; actual 0.2000 mm)
    Rule: flag vias not 0.5/0.2; error
    @(207.8825 mm, 97.5000 mm): Via [GND] on F.Cu - B.Cu
[drill_out_of_range]: Hole size out of range (board setup constraints min hole 0.3000 mm; actual 0.2000 mm)
    Rule: flag vias not 0.5/0.2; error
    @(243.3150 mm, 82.8850 mm): Via [GND] on F.Cu - B.Cu
[drill_out_of_range]: Hole size out of range (board setup constraints min hole 0.3000 mm; actual 0.2000 mm)
    Rule: flag vias not 0.5/0.2; error
    @(230.6997 mm, 81.2251 mm): Via [GND] on F.Cu - B.Cu
[drill_out_of_range]: Hole size out of range (board setup constraints min hole 0.3000 mm; actual 0.2000 mm)
    Rule: flag vias not 0.5/0.2; error
    @(230.6997 mm, 81.2251 mm): Via [GND] on F.Cu - B.Cu
[drill_out_of_range]: Hole size out of range (board setup constraints min hole 0.3000 mm; actual 0.2000 mm)
    Rule: flag vias not 0.5/0.2; error
    @(230.7000 mm, 82.8000 mm): Via [GND] on F.Cu - B.Cu
[drill_out_of_range]: Hole size out of range (board setup constraints min hole 0.3000 mm; actual 0.2000 mm)
    Rule: flag vias not 0.5/0.2; error
    @(153.8000 mm, 76.4000 mm): Via [GND] on F.Cu - B.Cu
[drill_out_of_range]: Hole size out of range (board setup constraints min hole 0.3000 mm; actual 0.2000 mm)
    Rule: flag vias not 0.5/0.2; error
    @(232.2000 mm, 81.3000 mm): Via [GND] on F.Cu - B.Cu
[drill_out_of_range]: Hole size out of range (board setup constraints min hole 0.3000 mm; actual 0.2000 mm)
    Rule: flag vias not 0.5/0.2; error
    @(219.2000 mm, 79.8000 mm): Via [GND] on F.Cu - B.Cu
[drill_out_of_range]: Hole size out of range (board setup constraints min hole 0.3000 mm; actual 0.2000 mm)
    Rule: flag vias not 0.5/0.2; error
    @(230.6997 mm, 81.2251 mm): Via [GND] on F.Cu - B.Cu
[drill_out_of_range]: Hole size out of range (board setup constraints min hole 0.3000 mm; actual 0.2000 mm)
    Rule: flag vias not 0.5/0.2; error
    @(175.5000 mm, 86.6525 mm): Via [GND] on F.Cu - B.Cu
[drill_out_of_range]: Hole size out of range (board setup constraints min hole 0.3000 mm; actual 0.2000 mm)
    Rule: flag vias not 0.5/0.2; error
    @(232.2000 mm, 82.8000 mm): Via [GND] on F.Cu - B.Cu
[drill_out_of_range]: Hole size out of range (board setup constraints min hole 0.3000 mm; actual 0.2000 mm)
    Rule: flag vias not 0.5/0.2; error
    @(230.6997 mm, 81.2251 mm): Via [GND] on F.Cu - B.Cu
[drill_out_of_range]: Hole size out of range (board setup constraints min hole 0.3000 mm; actual 0.2000 mm)
    Rule: flag vias not 0.5/0.2; error
    @(230.6997 mm, 81.2251 mm): Via [GND] on F.Cu - B.Cu
[drill_out_of_range]: Hole size out of range (board setup constraints min hole 0.3000 mm; actual 0.2000 mm)
    Rule: flag vias not 0.5/0.2; error
    @(245.2000 mm, 84.9500 mm): Via [GND] on F.Cu - B.Cu
[drill_out_of_range]: Hole size out of range (board setup constraints min hole 0.3000 mm; actual 0.2000 mm)
    Rule: flag vias not 0.5/0.2; error
    @(191.8600 mm, 92.9000 mm): Via [GND] on F.Cu - B.Cu
[drill_out_of_range]: Hole size out of range (board setup constraints min hole 0.3000 mm; actual 0.2000 mm)
    Rule: flag vias not 0.5/0.2; error
    @(247.1000 mm, 74.7000 mm): Via [GND] on F.Cu - B.Cu
[drill_out_of_range]: Hole size out of range (board setup constraints min hole 0.3000 mm; actual 0.2000 mm)
    Rule: flag vias not 0.5/0.2; error
    @(230.6997 mm, 81.2251 mm): Via [GND] on F.Cu - B.Cu
[drill_out_of_range]: Hole size out of range (board setup constraints min hole 0.3000 mm; actual 0.2000 mm)
    Rule: flag vias not 0.5/0.2; error
    @(153.6000 mm, 86.8000 mm): Via [GND] on F.Cu - B.Cu
[drill_out_of_range]: Hole size out of range (board setup constraints min hole 0.3000 mm; actual 0.2000 mm)
    Rule: flag vias not 0.5/0.2; error
    @(230.6997 mm, 81.2251 mm): Via [GND] on F.Cu - B.Cu
[drill_out_of_range]: Hole size out of range (board setup constraints min hole 0.3000 mm; actual 0.2000 mm)
    Rule: flag vias not 0.5/0.2; error
    @(237.9000 mm, 85.2000 mm): Via [GND] on F.Cu - B.Cu
[drill_out_of_range]: Hole size out of range (board setup constraints min hole 0.3000 mm; actual 0.2000 mm)
    Rule: flag vias not 0.5/0.2; error
    @(216.4400 mm, 94.6500 mm): Via [GND] on F.Cu - B.Cu
[drill_out_of_range]: Hole size out of range (board setup constraints min hole 0.3000 mm; actual 0.2000 mm)
    Rule: flag vias not 0.5/0.2; error
    @(243.3700 mm, 80.5300 mm): Via [GND] on F.Cu - B.Cu
[drill_out_of_range]: Hole size out of range (board setup constraints min hole 0.3000 mm; actual 0.2000 mm)
    Rule: flag vias not 0.5/0.2; error
    @(245.6000 mm, 73.8000 mm): Via [GND] on F.Cu - B.Cu
[drill_out_of_range]: Hole size out of range (board setup constraints min hole 0.3000 mm; actual 0.2000 mm)
    Rule: flag vias not 0.5/0.2; error
    @(230.6997 mm, 81.2251 mm): Via [GND] on F.Cu - B.Cu
[drill_out_of_range]: Hole size out of range (board setup constraints min hole 0.3000 mm; actual 0.2000 mm)
    Rule: flag vias not 0.5/0.2; error
    @(228.7000 mm, 93.3000 mm): Via [GND] on F.Cu - B.Cu
[drill_out_of_range]: Hole size out of range (board setup constraints min hole 0.3000 mm; actual 0.1500 mm)
    Rule: flag vias not 0.5/0.2; error
    @(169.8000 mm, 72.2000 mm): Via [GND] on F.Cu - B.Cu
[drill_out_of_range]: Hole size out of range (board setup constraints min hole 0.3000 mm; actual 0.2000 mm)
    Rule: flag vias not 0.5/0.2; error
    @(230.6997 mm, 81.2251 mm): Via [GND] on F.Cu - B.Cu
[drill_out_of_range]: Hole size out of range (board setup constraints min hole 0.3000 mm; actual 0.2000 mm)
    Rule: flag vias not 0.5/0.2; error
    @(219.9000 mm, 85.3000 mm): Via [GND] on F.Cu - B.Cu
[drill_out_of_range]: Hole size out of range (board setup constraints min hole 0.3000 mm; actual 0.2000 mm)
    Rule: flag vias not 0.5/0.2; error
    @(230.7000 mm, 79.7000 mm): Via [GND] on F.Cu - B.Cu
[drill_out_of_range]: Hole size out of range (board setup constraints min hole 0.3000 mm; actual 0.2000 mm)
    Rule: flag vias not 0.5/0.2; error
    @(209.8000 mm, 79.3000 mm): Via [GND] on F.Cu - B.Cu
[drill_out_of_range]: Hole size out of range (board setup constraints min hole 0.3000 mm; actual 0.2000 mm)
    Rule: flag vias not 0.5/0.2; error
    @(230.6997 mm, 81.2251 mm): Via [GND] on F.Cu - B.Cu
[drill_out_of_range]: Hole size out of range (board setup constraints min hole 0.3000 mm; actual 0.2000 mm)
    Rule: flag vias not 0.5/0.2; error
    @(232.1000 mm, 79.8000 mm): Via [GND] on F.Cu - B.Cu
[drill_out_of_range]: Hole size out of range (board setup constraints min hole 0.3000 mm; actual 0.2000 mm)
    Rule: flag vias not 0.5/0.2; error
    @(237.9000 mm, 87.6000 mm): Via [GND] on F.Cu - B.Cu
[drill_out_of_range]: Hole size out of range (board setup constraints min hole 0.3000 mm; actual 0.2000 mm)
    Rule: flag vias not 0.5/0.2; error
    @(230.6997 mm, 81.2251 mm): Via [GND] on F.Cu - B.Cu
[drill_out_of_range]: Hole size out of range (board setup constraints min hole 0.3000 mm; actual 0.2000 mm)
    Rule: flag vias not 0.5/0.2; error
    @(252.3600 mm, 84.4700 mm): Via [GND] on F.Cu - B.Cu
[drill_out_of_range]: Hole size out of range (board setup constraints min hole 0.3000 mm; actual 0.2000 mm)
    Rule: flag vias not 0.5/0.2; error
    @(209.1100 mm, 94.3500 mm): Via [GND] on F.Cu - B.Cu
[drill_out_of_range]: Hole size out of range (board setup constraints min hole 0.3000 mm; actual 0.2000 mm)
    Rule: flag vias not 0.5/0.2; error
    @(230.6997 mm, 81.2251 mm): Via [GND] on F.Cu - B.Cu
[drill_out_of_range]: Hole size out of range (board setup constraints min hole 0.3000 mm; actual 0.2000 mm)
    Rule: flag vias not 0.5/0.2; error
    @(223.4500 mm, 97.4800 mm): Via [GND] on F.Cu - B.Cu
[drill_out_of_range]: Hole size out of range (board setup constraints min hole 0.3000 mm; actual 0.2000 mm)
    Rule: flag vias not 0.5/0.2; error
    @(229.2000 mm, 81.2000 mm): Via [GND] on F.Cu - B.Cu
[drill_out_of_range]: Hole size out of range (board setup constraints min hole 0.3000 mm; actual 0.2000 mm)
    Rule: flag vias not 0.5/0.2; error
    @(170.4000 mm, 80.2000 mm): Via [GND] on F.Cu - B.Cu
[drill_out_of_range]: Hole size out of range (board setup constraints min hole 0.3000 mm; actual 0.2000 mm)
    Rule: flag vias not 0.5/0.2; error
    @(197.0000 mm, 92.0000 mm): Via [GND] on F.Cu - B.Cu
[drill_out_of_range]: Hole size out of range (board setup constraints min hole 0.3000 mm; actual 0.2000 mm)
    Rule: flag vias not 0.5/0.2; error
    @(200.2900 mm, 94.6500 mm): Via [GND] on F.Cu - B.Cu
[drill_out_of_range]: Hole size out of range (board setup constraints min hole 0.3000 mm; actual 0.2000 mm)
    Rule: flag vias not 0.5/0.2; error
    @(244.4500 mm, 91.2800 mm): Via [GND] on F.Cu - B.Cu
[drill_out_of_range]: Hole size out of range (board setup constraints min hole 0.3000 mm; actual 0.2000 mm)
    Rule: flag vias not 0.5/0.2; error
    @(220.8700 mm, 90.1300 mm): Via [GND] on F.Cu - B.Cu
[drill_out_of_range]: Hole size out of range (board setup constraints min hole 0.3000 mm; actual 0.2000 mm)
    Rule: flag vias not 0.5/0.2; error
    @(229.2000 mm, 79.8000 mm): Via [GND] on F.Cu - B.Cu
[drill_out_of_range]: Hole size out of range (board setup constraints min hole 0.3000 mm; actual 0.2000 mm)
    Rule: flag vias not 0.5/0.2; error
    @(252.3950 mm, 87.1950 mm): Via [GND] on F.Cu - B.Cu
[drill_out_of_range]: Hole size out of range (board setup constraints min hole 0.3000 mm; actual 0.2000 mm)
    Rule: flag vias not 0.5/0.2; error
    @(230.6997 mm, 81.2251 mm): Via [GND] on F.Cu - B.Cu
[drill_out_of_range]: Hole size out of range (board setup constraints min hole 0.3000 mm; actual 0.2000 mm)
    Rule: flag vias not 0.5/0.2; error
    @(233.2587 mm, 81.2251 mm): Via [0V9] on F.Cu - B.Cu
[drill_out_of_range]: Hole size out of range (board setup constraints min hole 0.3000 mm; actual 0.2000 mm)
    Rule: flag vias not 0.5/0.2; error
    @(226.3000 mm, 87.4000 mm): Via [0V9] on F.Cu - B.Cu
[drill_out_of_range]: Hole size out of range (board setup constraints min hole 0.3000 mm; actual 0.2000 mm)
    Rule: flag vias not 0.5/0.2; error
    @(232.1000 mm, 86.3000 mm): Via [0V9] on F.Cu - B.Cu
[drill_out_of_range]: Hole size out of range (board setup constraints min hole 0.3000 mm; actual 0.2000 mm)
    Rule: flag vias not 0.5/0.2; error
    @(229.1000 mm, 85.2000 mm): Via [0V9] on F.Cu - B.Cu
[drill_out_of_range]: Hole size out of range (board setup constraints min hole 0.3000 mm; actual 0.2000 mm)
    Rule: flag vias not 0.5/0.2; error
    @(228.1406 mm, 81.2251 mm): Via [0V9] on F.Cu - B.Cu
[drill_out_of_range]: Hole size out of range (board setup constraints min hole 0.3000 mm; actual 0.2000 mm)
    Rule: flag vias not 0.5/0.2; error
    @(232.3000 mm, 77.2000 mm): Via [0V9] on F.Cu - B.Cu
[drill_out_of_range]: Hole size out of range (board setup constraints min hole 0.3000 mm; actual 0.2000 mm)
    Rule: flag vias not 0.5/0.2; error
    @(226.1000 mm, 82.8000 mm): Via [0V9] on F.Cu - B.Cu
[drill_out_of_range]: Hole size out of range (board setup constraints min hole 0.3000 mm; actual 0.2000 mm)
    Rule: flag vias not 0.5/0.2; error
    @(229.1000 mm, 76.4000 mm): Via [0V9] on F.Cu - B.Cu
[drill_out_of_range]: Hole size out of range (board setup constraints min hole 0.3000 mm; actual 0.2000 mm)
    Rule: flag vias not 0.5/0.2; error
    @(237.4000 mm, 80.2000 mm): Via [0V9] on F.Cu - B.Cu
[drill_out_of_range]: Hole size out of range (board setup constraints min hole 0.3000 mm; actual 0.2000 mm)
    Rule: flag vias not 0.5/0.2; error
    @(234.8000 mm, 82.8000 mm): Via [0V9] on F.Cu - B.Cu
[drill_out_of_range]: Hole size out of range (board setup constraints min hole 0.3000 mm; actual 0.2000 mm)
    Rule: flag vias not 0.5/0.2; error
    @(231.1000 mm, 75.3000 mm): Via [0V9] on F.Cu - B.Cu
[drill_out_of_range]: Hole size out of range (board setup constraints min hole 0.3000 mm; actual 0.2000 mm)
    Rule: flag vias not 0.5/0.2; error
    @(230.6997 mm, 78.6660 mm): Via [0V9] on F.Cu - B.Cu
[drill_out_of_range]: Hole size out of range (board setup constraints min hole 0.3000 mm; actual 0.2000 mm)
    Rule: flag vias not 0.5/0.2; error
    @(226.4000 mm, 79.6000 mm): Via [0V9] on F.Cu - B.Cu
[drill_out_of_range]: Hole size out of range (board setup constraints min hole 0.3000 mm; actual 0.2000 mm)
    Rule: flag vias not 0.5/0.2; error
    @(230.6997 mm, 83.7841 mm): Via [0V9] on F.Cu - B.Cu
[drill_out_of_range]: Hole size out of range (board setup constraints min hole 0.3000 mm; actual 0.2000 mm)
    Rule: flag vias not 0.5/0.2; error
    @(234.2000 mm, 76.4000 mm): Via [0V9] on F.Cu - B.Cu
[drill_out_of_range]: Hole size out of range (board setup constraints min hole 0.3000 mm; actual 0.2000 mm)
    Rule: flag vias not 0.5/0.2; error
    @(229.2000 mm, 74.9000 mm): Via [0V9] on F.Cu - B.Cu
[drill_out_of_range]: Hole size out of range (board setup constraints min hole 0.3000 mm; actual 0.2000 mm)
    Rule: flag vias not 0.5/0.2; error
    @(225.8000 mm, 85.6000 mm): Via [0V9] on F.Cu - B.Cu
[drill_out_of_range]: Hole size out of range (board setup constraints min hole 0.3000 mm; actual 0.2000 mm)
    Rule: flag vias not 0.5/0.2; error
    @(232.6000 mm, 86.7000 mm): Via [I2S_BCLK] on F.Cu - B.Cu
[drill_out_of_range]: Hole size out of range (board setup constraints min hole 0.3000 mm; actual 0.2000 mm)
    Rule: flag vias not 0.5/0.2; error
    @(193.5000 mm, 81.0000 mm): Via [I2S_BCLK] on F.Cu - B.Cu
[drill_out_of_range]: Hole size out of range (board setup constraints min hole 0.3000 mm; actual 0.2000 mm)
    Rule: flag vias not 0.5/0.2; error
    @(230.9000 mm, 87.4000 mm): Via [I2S_RCLK] on F.Cu - B.Cu
[drill_out_of_range]: Hole size out of range (board setup constraints min hole 0.3000 mm; actual 0.2000 mm)
    Rule: flag vias not 0.5/0.2; error
    @(193.2000 mm, 85.0000 mm): Via [I2S_RCLK] on F.Cu - B.Cu
[drill_out_of_range]: Hole size out of range (board setup constraints min hole 0.3000 mm; actual 0.2000 mm)
    Rule: flag vias not 0.5/0.2; error
    @(193.0000 mm, 81.7000 mm): Via [I2S_MCLK] on F.Cu - B.Cu
[drill_out_of_range]: Hole size out of range (board setup constraints min hole 0.3000 mm; actual 0.2000 mm)
    Rule: flag vias not 0.5/0.2; error
    @(229.6884 mm, 76.5177 mm): Via [I2S_MCLK] on F.Cu - B.Cu
[drill_out_of_range]: Hole size out of range (board setup constraints min hole 0.3000 mm; actual 0.2000 mm)
    Rule: flag vias not 0.5/0.2; error
    @(251.6200 mm, 80.9600 mm): Via [D+] on F.Cu - B.Cu
[drill_out_of_range]: Hole size out of range (board setup constraints min hole 0.3000 mm; actual 0.2000 mm)
    Rule: flag vias not 0.5/0.2; error
    @(252.9700 mm, 80.7300 mm): Via [D+] on F.Cu - B.Cu
[drill_out_of_range]: Hole size out of range (board setup constraints min hole 0.3000 mm; actual 0.2000 mm)
    Rule: flag vias not 0.5/0.2; error
    @(213.1000 mm, 82.6000 mm): Via [X0D30] on F.Cu - B.Cu
[drill_out_of_range]: Hole size out of range (board setup constraints min hole 0.3000 mm; actual 0.2000 mm)
    Rule: flag vias not 0.5/0.2; error
    @(225.6000 mm, 82.0000 mm): Via [X0D30] on F.Cu - B.Cu
[drill_out_of_range]: Hole size out of range (board setup constraints min hole 0.3000 mm; actual 0.2000 mm)
    Rule: flag vias not 0.5/0.2; error
    @(222.5000 mm, 82.6000 mm): Via [X0D30] on F.Cu - B.Cu
[drill_out_of_range]: Hole size out of range (board setup constraints min hole 0.3000 mm; actual 0.2000 mm)
    Rule: flag vias not 0.5/0.2; error
    @(236.5000 mm, 80.3000 mm): Via [3V3] on F.Cu - B.Cu
[drill_out_of_range]: Hole size out of range (board setup constraints min hole 0.3000 mm; actual 0.2000 mm)
    Rule: flag vias not 0.5/0.2; error
    @(231.3000 mm, 77.0000 mm): Via [3V3] on F.Cu - B.Cu
[drill_out_of_range]: Hole size out of range (board setup constraints min hole 0.3000 mm; actual 0.2000 mm)
    Rule: flag vias not 0.5/0.2; error
    @(233.4000 mm, 75.0000 mm): Via [3V3] on F.Cu - B.Cu
[drill_out_of_range]: Hole size out of range (board setup constraints min hole 0.3000 mm; actual 0.2000 mm)
    Rule: flag vias not 0.5/0.2; error
    @(229.9000 mm, 87.5000 mm): Via [3V3] on F.Cu - B.Cu
[drill_out_of_range]: Hole size out of range (board setup constraints min hole 0.3000 mm; actual 0.2000 mm)
    Rule: flag vias not 0.5/0.2; error
    @(235.2000 mm, 77.9000 mm): Via [3V3] on F.Cu - B.Cu
[drill_out_of_range]: Hole size out of range (board setup constraints min hole 0.3000 mm; actual 0.2000 mm)
    Rule: flag vias not 0.5/0.2; error
    @(230.7000 mm, 85.7000 mm): Via [3V3] on F.Cu - B.Cu
[drill_out_of_range]: Hole size out of range (board setup constraints min hole 0.3000 mm; actual 0.1500 mm)
    Rule: flag vias not 0.5/0.2; error
    @(231.5000 mm, 77.9500 mm): Via [X1D18] on F.Cu - B.Cu
[drill_out_of_range]: Hole size out of range (board setup constraints min hole 0.3000 mm; actual 0.1500 mm)
    Rule: flag vias not 0.5/0.2; error
    @(230.3500 mm, 75.5000 mm): Via [X1D18] on F.Cu - B.Cu
[drill_out_of_range]: Hole size out of range (board setup constraints min hole 0.3000 mm; actual 0.2000 mm)
    Rule: flag vias not 0.5/0.2; error
    @(204.5000 mm, 75.8000 mm): Via [HLD_RST_IO3] on F.Cu - B.Cu
[drill_out_of_range]: Hole size out of range (board setup constraints min hole 0.3000 mm; actual 0.2000 mm)
    Rule: flag vias not 0.5/0.2; error
    @(226.8000 mm, 87.0000 mm): Via [HLD_RST_IO3] on F.Cu - B.Cu
[drill_out_of_range]: Hole size out of range (board setup constraints min hole 0.3000 mm; actual 0.2000 mm)
    Rule: flag vias not 0.5/0.2; error
    @(207.2000 mm, 84.5000 mm): Via [SI_IO1] on F.Cu - B.Cu
[drill_out_of_range]: Hole size out of range (board setup constraints min hole 0.3000 mm; actual 0.2000 mm)
    Rule: flag vias not 0.5/0.2; error
    @(227.0000 mm, 85.7000 mm): Via [SI_IO1] on F.Cu - B.Cu
[drill_out_of_range]: Hole size out of range (board setup constraints min hole 0.3000 mm; actual 0.2000 mm)
    Rule: flag vias not 0.5/0.2; error
    @(231.7407 mm, 77.4172 mm): Via [XL_DN0] on F.Cu - B.Cu
[drill_out_of_range]: Hole size out of range (board setup constraints min hole 0.3000 mm; actual 0.1500 mm)
    Rule: flag vias not 0.5/0.2; error
    @(167.9500 mm, 87.8500 mm): Via [XL_DN1] on F.Cu - B.Cu
[drill_out_of_range]: Hole size out of range (board setup constraints min hole 0.3000 mm; actual 0.1500 mm)
    Rule: flag vias not 0.5/0.2; error
    @(167.9500 mm, 88.5500 mm): Via [XL_DN1] on F.Cu - B.Cu
[drill_out_of_range]: Hole size out of range (board setup constraints min hole 0.3000 mm; actual 0.1500 mm)
    Rule: flag vias not 0.5/0.2; error
    @(199.7000 mm, 85.4000 mm): Via [xSYS2_TCK] on F.Cu - B.Cu
[drill_out_of_range]: Hole size out of range (board setup constraints min hole 0.3000 mm; actual 0.1500 mm)
    Rule: flag vias not 0.5/0.2; error
    @(234.0000 mm, 80.8000 mm): Via [xSYS2_TCK] on F.Cu - B.Cu
[drill_out_of_range]: Hole size out of range (board setup constraints min hole 0.3000 mm; actual 0.1500 mm)
    Rule: flag vias not 0.5/0.2; error
    @(169.2000 mm, 91.2000 mm): Via [xSYS2_TCK] on F.Cu - B.Cu
[drill_out_of_range]: Hole size out of range (board setup constraints min hole 0.3000 mm; actual 0.1500 mm)
    Rule: flag vias not 0.5/0.2; error
    @(224.5000 mm, 92.5000 mm): Via [xSYS2_TCK] on F.Cu - B.Cu
[drill_out_of_range]: Hole size out of range (board setup constraints min hole 0.3000 mm; actual 0.1500 mm)
    Rule: flag vias not 0.5/0.2; error
    @(171.1000 mm, 91.2000 mm): Via [xSYS2_TCK] on F.Cu - B.Cu
[drill_out_of_range]: Hole size out of range (board setup constraints min hole 0.3000 mm; actual 0.1500 mm)
    Rule: flag vias not 0.5/0.2; error
    @(204.5000 mm, 84.1000 mm): Via [xSYS2_TCK] on F.Cu - B.Cu
[drill_out_of_range]: Hole size out of range (board setup constraints min hole 0.3000 mm; actual 0.2000 mm)
    Rule: flag vias not 0.5/0.2; error
    @(210.3000 mm, 76.5000 mm): Via [SI_IO0] on F.Cu - B.Cu
[drill_out_of_range]: Hole size out of range (board setup constraints min hole 0.3000 mm; actual 0.2000 mm)
    Rule: flag vias not 0.5/0.2; error
    @(225.6957 mm, 84.1893 mm): Via [SI_IO0] on F.Cu - B.Cu
[drill_out_of_range]: Hole size out of range (board setup constraints min hole 0.3000 mm; actual 0.1500 mm)
    Rule: flag vias not 0.5/0.2; error
    @(201.5000 mm, 89.3000 mm): Via [xSYS2_TDO] on F.Cu - B.Cu
[drill_out_of_range]: Hole size out of range (board setup constraints min hole 0.3000 mm; actual 0.1500 mm)
    Rule: flag vias not 0.5/0.2; error
    @(172.7000 mm, 90.8000 mm): Via [xSYS2_TDO] on F.Cu - B.Cu
[drill_out_of_range]: Hole size out of range (board setup constraints min hole 0.3000 mm; actual 0.1500 mm)
    Rule: flag vias not 0.5/0.2; error
    @(235.1000 mm, 82.1000 mm): Via [xSYS2_TDO] on F.Cu - B.Cu
[drill_out_of_range]: Hole size out of range (board setup constraints min hole 0.3000 mm; actual 0.1500 mm)
    Rule: flag vias not 0.5/0.2; error
    @(230.8000 mm, 89.9000 mm): Via [xSYS2_TDO] on F.Cu - B.Cu
[drill_out_of_range]: Hole size out of range (board setup constraints min hole 0.3000 mm; actual 0.1500 mm)
    Rule: flag vias not 0.5/0.2; error
    @(185.9000 mm, 90.7000 mm): Via [xSYS2_TDO] on F.Cu - B.Cu
[drill_out_of_range]: Hole size out of range (board setup constraints min hole 0.3000 mm; actual 0.1500 mm)
    Rule: flag vias not 0.5/0.2; error
    @(226.7000 mm, 88.5000 mm): Via [xSYS2_TDO] on F.Cu - B.Cu
[drill_out_of_range]: Hole size out of range (board setup constraints min hole 0.3000 mm; actual 0.1500 mm)
    Rule: flag vias not 0.5/0.2; error
    @(189.4000 mm, 90.7000 mm): Via [xSYS2_TDO] on F.Cu - B.Cu
[drill_out_of_range]: Hole size out of range (board setup constraints min hole 0.3000 mm; actual 0.2000 mm)
    Rule: flag vias not 0.5/0.2; error
    @(207.9000 mm, 84.4000 mm): Via [WP_IO2] on F.Cu - B.Cu
[drill_out_of_range]: Hole size out of range (board setup constraints min hole 0.3000 mm; actual 0.2000 mm)
    Rule: flag vias not 0.5/0.2; error
    @(225.9000 mm, 84.7000 mm): Via [WP_IO2] on F.Cu - B.Cu
[text_thickness]: Text thickness out of range (board setup constraints silk text thickness min thickness 0.0800 mm; actual 0.0625 mm)
    Rule: board setup constraints silk text thickness; warning
    @(161.1900 mm, 88.8900 mm): PCB text '3V3' on F.Silkscreen
[text_height]: Text height out of range (board setup constraints silk text height min height 0.8000 mm; actual 0.5000 mm)
    Rule: board setup constraints silk text height; warning
    @(161.1900 mm, 88.8900 mm): PCB text '3V3' on F.Silkscreen
[text_thickness]: Text thickness out of range (board setup constraints silk text thickness min thickness 0.0800 mm; actual 0.0625 mm)
    Rule: board setup constraints silk text thickness; warning
    @(156.3300 mm, 89.3100 mm): PCB text 'GND	' on F.Silkscreen
[text_height]: Text height out of range (board setup constraints silk text height min height 0.8000 mm; actual 0.5000 mm)
    Rule: board setup constraints silk text height; warning
    @(156.3300 mm, 89.3100 mm): PCB text 'GND	' on F.Silkscreen
[text_height]: Text height out of range (board setup constraints silk text height min height 0.8000 mm; actual 0.5000 mm)
    Rule: board setup constraints silk text height; warning
    @(168.9650 mm, 92.1879 mm): PCB text 'TMS' on F.Silkscreen
[text_thickness]: Text thickness out of range (board setup constraints silk text thickness min thickness 0.0800 mm; actual 0.0625 mm)
    Rule: board setup constraints silk text thickness; warning
    @(157.3000 mm, 93.0000 mm): PCB text 'UP1' on F.Silkscreen
[text_height]: Text height out of range (board setup constraints silk text height min height 0.8000 mm; actual 0.5000 mm)
    Rule: board setup constraints silk text height; warning
    @(157.3000 mm, 93.0000 mm): PCB text 'UP1' on F.Silkscreen
[text_thickness]: Text thickness out of range (board setup constraints silk text thickness min thickness 0.0800 mm; actual 0.0625 mm)
    Rule: board setup constraints silk text thickness; warning
    @(167.5000 mm, 89.2200 mm): PCB text '1V8
' on F.Silkscreen
[text_height]: Text height out of range (board setup constraints silk text height min height 0.8000 mm; actual 0.5000 mm)
    Rule: board setup constraints silk text height; warning
    @(167.5000 mm, 89.2200 mm): PCB text '1V8
' on F.Silkscreen
[text_height]: Text height out of range (board setup constraints silk text height min height 0.8000 mm; actual 0.7000 mm)
    Rule: board setup constraints silk text height; warning
    @(175.4000 mm, 83.6000 mm): Reference field of C49
[text_height]: Text height out of range (board setup constraints silk text height min height 0.8000 mm; actual 0.7000 mm)
    Rule: board setup constraints silk text height; warning
    @(219.4000 mm, 79.6000 mm): Reference field of C19
[text_height]: Text height out of range (board setup constraints silk text height min height 0.8000 mm; actual 0.7000 mm)
    Rule: board setup constraints silk text height; warning
    @(157.4500 mm, 86.7525 mm): Reference field of R2
[text_height]: Text height out of range (board setup constraints silk text height min height 0.8000 mm; actual 0.7000 mm)
    Rule: board setup constraints silk text height; warning
    @(172.7375 mm, 69.0500 mm): Reference field of C46
[text_height]: Text height out of range (board setup constraints silk text height min height 0.8000 mm; actual 0.7000 mm)
    Rule: board setup constraints silk text height; warning
    @(180.5125 mm, 75.4300 mm): Reference field of R20
[text_height]: Text height out of range (board setup constraints silk text height min height 0.8000 mm; actual 0.7000 mm)
    Rule: board setup constraints silk text height; warning
    @(216.7000 mm, 82.9000 mm): Reference field of C22
[text_height]: Text height out of range (board setup constraints silk text height min height 0.8000 mm; actual 0.7000 mm)
    Rule: board setup constraints silk text height; warning
    @(253.0000 mm, 89.5000 mm): Reference field of C9
[text_height]: Text height out of range (board setup constraints silk text height min height 0.8000 mm; actual 0.7000 mm)
    Rule: board setup constraints silk text height; warning
    @(222.1625 mm, 75.9000 mm): Reference field of C16
[text_height]: Text height out of range (board setup constraints silk text height min height 0.8000 mm; actual 0.7000 mm)
    Rule: board setup constraints silk text height; warning
    @(203.8625 mm, 86.4750 mm): Reference field of C44
[text_height]: Text height out of range (board setup constraints silk text height min height 0.8000 mm; actual 0.7000 mm)
    Rule: board setup constraints silk text height; warning
    @(167.8000 mm, 85.7000 mm): Reference field of TP3V3+1
[text_height]: Text height out of range (board setup constraints silk text height min height 0.8000 mm; actual 0.7000 mm)
    Rule: board setup constraints silk text height; warning
    @(251.7500 mm, 79.0500 mm): Reference field of U6
[text_height]: Text height out of range (board setup constraints silk text height min height 0.8000 mm; actual 0.7000 mm)
    Rule: board setup constraints silk text height; warning
    @(258.0000 mm, 75.8000 mm): Reference field of R29
[text_height]: Text height out of range (board setup constraints silk text height min height 0.8000 mm; actual 0.7000 mm)
    Rule: board setup constraints silk text height; warning
    @(237.5000 mm, 68.7000 mm): Reference field of C27
[text_height]: Text height out of range (board setup constraints silk text height min height 0.8000 mm; actual 0.7000 mm)
    Rule: board setup constraints silk text height; warning
    @(191.0625 mm, 69.1700 mm): Reference field of R23
[text_height]: Text height out of range (board setup constraints silk text height min height 0.8000 mm; actual 0.7000 mm)
    Rule: board setup constraints silk text height; warning
    @(215.5000 mm, 97.8000 mm): Reference field of C2
[text_height]: Text height out of range (board setup constraints silk text height min height 0.8000 mm; actual 0.7000 mm)
    Rule: board setup constraints silk text height; warning
    @(258.0000 mm, 73.2000 mm): Reference field of R28
[text_height]: Text height out of range (board setup constraints silk text height min height 0.8000 mm; actual 0.7000 mm)
    Rule: board setup constraints silk text height; warning
    @(242.6000 mm, 71.9500 mm): Reference field of C14
[text_height]: Text height out of range (board setup constraints silk text height min height 0.8000 mm; actual 0.7000 mm)
    Rule: board setup constraints silk text height; warning
    @(227.9000 mm, 69.1625 mm): Reference field of C17
[text_height]: Text height out of range (board setup constraints silk text height min height 0.8000 mm; actual 0.7000 mm)
    Rule: board setup constraints silk text height; warning
    @(185.8375 mm, 69.1000 mm): Reference field of C47
[text_height]: Text height out of range (board setup constraints silk text height min height 0.8000 mm; actual 0.7000 mm)
    Rule: board setup constraints silk text height; warning
    @(192.0000 mm, 89.8000 mm): Reference field of C4
[text_height]: Text height out of range (board setup constraints silk text height min height 0.8000 mm; actual 0.7000 mm)
    Rule: board setup constraints silk text height; warning
    @(231.4000 mm, 93.6000 mm): Reference field of C33
[text_height]: Text height out of range (board setup constraints silk text height min height 0.8000 mm; actual 0.7000 mm)
    Rule: board setup constraints silk text height; warning
    @(153.5500 mm, 88.2000 mm): Reference field of R1
[text_height]: Text height out of range (board setup constraints silk text height min height 0.8000 mm; actual 0.7000 mm)
    Rule: board setup constraints silk text height; warning
    @(202.2000 mm, 91.6000 mm): Reference field of C5
[text_height]: Text height out of range (board setup constraints silk text height min height 0.8000 mm; actual 0.7000 mm)
    Rule: board setup constraints silk text height; warning
    @(226.5000 mm, 98.5000 mm): Reference field of U3
[text_height]: Text height out of range (board setup constraints silk text height min height 0.8000 mm; actual 0.7000 mm)
    Rule: board setup constraints silk text height; warning
    @(200.1000 mm, 75.7000 mm): Reference field of C40
[text_height]: Text height out of range (board setup constraints silk text height min height 0.8000 mm; actual 0.7000 mm)
    Rule: board setup constraints silk text height; warning
    @(234.8000 mm, 85.3000 mm): Reference field of C13
[text_height]: Text height out of range (board setup constraints silk text height min height 0.8000 mm; actual 0.7000 mm)
    Rule: board setup constraints silk text height; warning
    @(243.8000 mm, 81.1000 mm): Reference field of R3
[text_height]: Text height out of range (board setup constraints silk text height min height 0.8000 mm; actual 0.7000 mm)
    Rule: board setup constraints silk text height; warning
    @(218.8000 mm, 85.4000 mm): Reference field of C23
[text_height]: Text height out of range (board setup constraints silk text height min height 0.8000 mm; actual 0.7000 mm)
    Rule: board setup constraints silk text height; warning
    @(175.4000 mm, 76.7400 mm): Reference field of C50
[text_height]: Text height out of range (board setup constraints silk text height min height 0.8000 mm; actual 0.7000 mm)
    Rule: board setup constraints silk text height; warning
    @(245.1000 mm, 90.5000 mm): Reference field of TPOSC1
[text_height]: Text height out of range (board setup constraints silk text height min height 0.8000 mm; actual 0.7000 mm)
    Rule: board setup constraints silk text height; warning
    @(246.1000 mm, 84.5000 mm): Reference field of C8
[text_height]: Text height out of range (board setup constraints silk text height min height 0.8000 mm; actual 0.7000 mm)
    Rule: board setup constraints silk text height; warning
    @(232.4500 mm, 72.3000 mm): Reference field of C20
[text_height]: Text height out of range (board setup constraints silk text height min height 0.8000 mm; actual 0.7000 mm)
    Rule: board setup constraints silk text height; warning
    @(247.8000 mm, 91.6000 mm): Reference field of C10
[text_height]: Text height out of range (board setup constraints silk text height min height 0.8000 mm; actual 0.7000 mm)
    Rule: board setup constraints silk text height; warning
    @(253.3000 mm, 76.3000 mm): Reference field of D2
[text_height]: Text height out of range (board setup constraints silk text height min height 0.8000 mm; actual 0.7000 mm)
    Rule: board setup constraints silk text height; warning
    @(214.2725 mm, 77.7550 mm): Reference field of R6
[text_height]: Text height out of range (board setup constraints silk text height min height 0.8000 mm; actual 0.7000 mm)
    Rule: board setup constraints silk text height; warning
    @(191.0000 mm, 98.9000 mm): Reference field of C29
[text_height]: Text height out of range (board setup constraints silk text height min height 0.8000 mm; actual 0.7000 mm)
    Rule: board setup constraints silk text height; warning
    @(254.9000 mm, 92.1000 mm): Reference field of F1
[text_height]: Text height out of range (board setup constraints silk text height min height 0.8000 mm; actual 0.7000 mm)
    Rule: board setup constraints silk text height; warning
    @(169.6000 mm, 74.9000 mm): Reference field of R21
[text_height]: Text height out of range (board setup constraints silk text height min height 0.8000 mm; actual 0.7000 mm)
    Rule: board setup constraints silk text height; warning
    @(195.9625 mm, 71.2750 mm): Reference field of C39
[text_height]: Text height out of range (board setup constraints silk text height min height 0.8000 mm; actual 0.7000 mm)
    Rule: board setup constraints silk text height; warning
    @(185.8500 mm, 75.6500 mm): Reference field of C48
[text_height]: Text height out of range (board setup constraints silk text height min height 0.8000 mm; actual 0.7000 mm)
    Rule: board setup constraints silk text height; warning
    @(170.1000 mm, 83.4000 mm): Reference field of R25
[text_height]: Text height out of range (board setup constraints silk text height min height 0.8000 mm; actual 0.7000 mm)
    Rule: board setup constraints silk text height; warning
    @(168.9000 mm, 77.1000 mm): Reference field of R27
[text_height]: Text height out of range (board setup constraints silk text height min height 0.8000 mm; actual 0.7000 mm)
    Rule: board setup constraints silk text height; warning
    @(233.8000 mm, 93.6000 mm): Reference field of C34
[text_height]: Text height out of range (board setup constraints silk text height min height 0.8000 mm; actual 0.7000 mm)
    Rule: board setup constraints silk text height; warning
    @(218.8000 mm, 82.6000 mm): Reference field of C21
[text_height]: Text height out of range (board setup constraints silk text height min height 0.8000 mm; actual 0.7000 mm)
    Rule: board setup constraints silk text height; warning
    @(211.6625 mm, 88.5000 mm): Reference field of C6
[text_height]: Text height out of range (board setup constraints silk text height min height 0.8000 mm; actual 0.7000 mm)
    Rule: board setup constraints silk text height; warning
    @(202.6000 mm, 73.3900 mm): Reference field of R19
[text_height]: Text height out of range (board setup constraints silk text height min height 0.8000 mm; actual 0.7000 mm)
    Rule: board setup constraints silk text height; warning
    @(221.9000 mm, 91.5000 mm): Reference field of R9
[text_height]: Text height out of range (board setup constraints silk text height min height 0.8000 mm; actual 0.7000 mm)
    Rule: board setup constraints silk text height; warning
    @(196.8000 mm, 89.6000 mm): Reference field of U4
[text_height]: Text height out of range (board setup constraints silk text height min height 0.8000 mm; actual 0.7000 mm)
    Rule: board setup constraints silk text height; warning
    @(162.6500 mm, 81.2000 mm): Reference field of J3_IN1
[text_height]: Text height out of range (board setup constraints silk text height min height 0.8000 mm; actual 0.7000 mm)
    Rule: board setup constraints silk text height; warning
    @(202.3800 mm, 93.1500 mm): Reference field of C31
[text_height]: Text height out of range (board setup constraints silk text height min height 0.8000 mm; actual 0.7000 mm)
    Rule: board setup constraints silk text height; warning
    @(237.8000 mm, 89.4000 mm): Reference field of C32
[text_height]: Text height out of range (board setup constraints silk text height min height 0.8000 mm; actual 0.7000 mm)
    Rule: board setup constraints silk text height; warning
    @(251.4525 mm, 83.1300 mm): Reference field of J1
[text_height]: Text height out of range (board setup constraints silk text height min height 0.8000 mm; actual 0.7000 mm)
    Rule: board setup constraints silk text height; warning
    @(163.0500 mm, 71.0000 mm): Reference field of J4_OUT1
[text_height]: Text height out of range (board setup constraints silk text height min height 0.8000 mm; actual 0.7000 mm)
    Rule: board setup constraints silk text height; warning
    @(185.1000 mm, 85.5000 mm): Reference field of TP1V8+1
[text_height]: Text height out of range (board setup constraints silk text height min height 0.8000 mm; actual 0.7000 mm)
    Rule: board setup constraints silk text height; warning
    @(216.8000 mm, 91.6000 mm): Reference field of C3
[text_height]: Text height out of range (board setup constraints silk text height min height 0.8000 mm; actual 0.7000 mm)
    Rule: board setup constraints silk text height; warning
    @(224.3000 mm, 72.5000 mm): Reference field of TP0V9+1
[text_height]: Text height out of range (board setup constraints silk text height min height 0.8000 mm; actual 0.7000 mm)
    Rule: board setup constraints silk text height; warning
    @(233.5750 mm, 95.7625 mm): Reference field of J3
[text_height]: Text height out of range (board setup constraints silk text height min height 0.8000 mm; actual 0.7000 mm)
    Rule: board setup constraints silk text height; warning
    @(246.3000 mm, 73.1000 mm): Reference field of D1
[text_height]: Text height out of range (board setup constraints silk text height min height 0.8000 mm; actual 0.7000 mm)
    Rule: board setup constraints silk text height; warning
    @(188.7625 mm, 76.0750 mm): Reference field of C41
[text_height]: Text height out of range (board setup constraints silk text height min height 0.8000 mm; actual 0.7000 mm)
    Rule: board setup constraints silk text height; warning
    @(243.8000 mm, 80.5000 mm): Reference field of C15
[text_height]: Text height out of range (board setup constraints silk text height min height 0.8000 mm; actual 0.7000 mm)
    Rule: board setup constraints silk text height; warning
    @(175.2750 mm, 75.4500 mm): Reference field of C45
[text_height]: Text height out of range (board setup constraints silk text height min height 0.8000 mm; actual 0.7000 mm)
    Rule: board setup constraints silk text height; warning
    @(202.3000 mm, 95.8000 mm): Reference field of C37
[text_height]: Text height out of range (board setup constraints silk text height min height 0.8000 mm; actual 0.7000 mm)
    Rule: board setup constraints silk text height; warning
    @(207.5000 mm, 84.6000 mm): Reference field of C11
[text_height]: Text height out of range (board setup constraints silk text height min height 0.8000 mm; actual 0.7000 mm)
    Rule: board setup constraints silk text height; warning
    @(213.0000 mm, 84.4300 mm): Reference field of R7
[text_height]: Text height out of range (board setup constraints silk text height min height 0.8000 mm; actual 0.7000 mm)
    Rule: board setup constraints silk text height; warning
    @(180.5500 mm, 76.7400 mm): Reference field of R26
[text_height]: Text height out of range (board setup constraints silk text height min height 0.8000 mm; actual 0.7000 mm)
    Rule: board setup constraints silk text height; warning
    @(180.6000 mm, 83.6000 mm): Reference field of R24
[text_height]: Text height out of range (board setup constraints silk text height min height 0.8000 mm; actual 0.7000 mm)
    Rule: board setup constraints silk text height; warning
    @(231.2000 mm, 68.7000 mm): Reference field of C24
[text_height]: Text height out of range (board setup constraints silk text height min height 0.8000 mm; actual 0.7000 mm)
    Rule: board setup constraints silk text height; warning
    @(211.6000 mm, 96.6200 mm): Reference field of U5
[text_height]: Text height out of range (board setup constraints silk text height min height 0.8000 mm; actual 0.7000 mm)
    Rule: board setup constraints silk text height; warning
    @(227.2375 mm, 90.9000 mm): Reference field of C12
[text_height]: Text height out of range (board setup constraints silk text height min height 0.8000 mm; actual 0.7000 mm)
    Rule: board setup constraints silk text height; warning
    @(237.2000 mm, 74.1500 mm): Reference field of C25
[text_height]: Text height out of range (board setup constraints silk text height min height 0.8000 mm; actual 0.7000 mm)
    Rule: board setup constraints silk text height; warning
    @(228.7375 mm, 93.6000 mm): Reference field of C18
[text_height]: Text height out of range (board setup constraints silk text height min height 0.8000 mm; actual 0.7000 mm)
    Rule: board setup constraints silk text height; warning
    @(203.3000 mm, 80.0000 mm): Reference field of C42
[text_height]: Text height out of range (board setup constraints silk text height min height 0.8000 mm; actual 0.7000 mm)
    Rule: board setup constraints silk text height; warning
    @(200.2625 mm, 84.6750 mm): Reference field of C43
[text_height]: Text height out of range (board setup constraints silk text height min height 0.8000 mm; actual 0.7000 mm)
    Rule: board setup constraints silk text height; warning
    @(186.1625 mm, 77.2750 mm): Reference field of R18
[text_height]: Text height out of range (board setup constraints silk text height min height 0.8000 mm; actual 0.7000 mm)
    Rule: board setup constraints silk text height; warning
    @(193.3625 mm, 82.5750 mm): Reference field of U9
[text_height]: Text height out of range (board setup constraints silk text height min height 0.8000 mm; actual 0.7000 mm)
    Rule: board setup constraints silk text height; warning
    @(245.2000 mm, 87.7000 mm): Reference field of R4
[text_height]: Text height out of range (board setup constraints silk text height min height 0.8000 mm; actual 0.7000 mm)
    Rule: board setup constraints silk text height; warning
    @(195.3000 mm, 95.7625 mm): Reference field of C30
[text_height]: Text height out of range (board setup constraints silk text height min height 0.8000 mm; actual 0.7000 mm)
    Rule: board setup constraints silk text height; warning
    @(233.3000 mm, 95.9000 mm): Reference field of L1
[text_height]: Text height out of range (board setup constraints silk text height min height 0.8000 mm; actual 0.7000 mm)
    Rule: board setup constraints silk text height; warning
    @(243.3000 mm, 82.8000 mm): Reference field of C28
[text_height]: Text height out of range (board setup constraints silk text height min height 0.8000 mm; actual 0.7000 mm)
    Rule: board setup constraints silk text height; warning
    @(221.9000 mm, 97.9050 mm): Reference field of R17
[text_height]: Text height out of range (board setup constraints silk text height min height 0.8000 mm; actual 0.7000 mm)
    Rule: board setup constraints silk text height; warning
    @(206.2000 mm, 88.6500 mm): Reference field of C7
[text_height]: Text height out of range (board setup constraints silk text height min height 0.8000 mm; actual 0.7000 mm)
    Rule: board setup constraints silk text height; warning
    @(210.4050 mm, 70.4000 mm): Reference field of J2
[text_height]: Text height out of range (board setup constraints silk text height min height 0.8000 mm; actual 0.7000 mm)
    Rule: board setup constraints silk text height; warning
    @(186.1000 mm, 83.6000 mm): Reference field of R8
[text_height]: Text height out of range (board setup constraints silk text height min height 0.8000 mm; actual 0.7000 mm)
    Rule: board setup constraints silk text height; warning
    @(180.5125 mm, 68.8000 mm): Reference field of R22
[starved_thermal]: Thermal relief connection to zone incomplete (layer In1.Cu; zone min spoke count 2; actual 1)
    Local override; warning
    @(150.1000 mm, 61.8200 mm): Zone [GND] on In1.Cu, priority 1
    @(166.9500 mm, 90.6000 mm): PTH pad 3 [GND] of U8
[starved_thermal]: Thermal relief connection to zone incomplete (layer In1.Cu; zone min spoke count 2; actual 1)
    Local override; warning
    @(150.1000 mm, 61.8200 mm): Zone [GND] on In1.Cu, priority 1
    @(163.1400 mm, 90.6000 mm): PTH pad 9 [GND] of U8
[starved_thermal]: Thermal relief connection to zone incomplete (layer In1.Cu; zone min spoke count 2; actual 1)
    Local override; warning
    @(150.1000 mm, 61.8200 mm): Zone [GND] on In1.Cu, priority 1
    @(160.6000 mm, 90.6000 mm): PTH pad 13 [GND] of U8
[starved_thermal]: Thermal relief connection to zone incomplete (layer F.Cu; zone min spoke count 2; actual 1)
    Local override; warning
    @(148.3000 mm, 61.6000 mm): Zone [0V9] on F.Cu and B.Cu, priority 0
    @(224.0625 mm, 82.6000 mm): Pad 1 [0V9] of C21 on F.Cu
[starved_thermal]: Thermal relief connection to zone incomplete (layer F.Cu; zone min spoke count 2; actual 1)
    Local override; warning
    @(148.3000 mm, 61.6000 mm): Zone [0V9] on F.Cu and B.Cu, priority 0
    @(238.6375 mm, 80.5000 mm): Pad 1 [0V9] of C15 on F.Cu
[starved_thermal]: Thermal relief connection to zone incomplete (layer F.Cu; zone min spoke count 2; actual 1)
    Local override; warning
    @(148.3000 mm, 61.6000 mm): Zone [0V9] on F.Cu and B.Cu, priority 0
    @(229.0995 mm, 84.5000 mm): Pad 4 [0V9] of U2 on F.Cu
[starved_thermal]: Thermal relief connection to zone incomplete (layer F.Cu; zone min spoke count 2; actual 1)
    Local override; warning
    @(148.3000 mm, 61.6000 mm): Zone [0V9] on F.Cu and B.Cu, priority 0
    @(232.2999 mm, 77.9502 mm): Pad 34 [0V9] of U2 on F.Cu
[starved_thermal]: Thermal relief connection to zone incomplete (layer F.Cu; zone min spoke count 2; actual 1)
    Local override; warning
    @(148.3000 mm, 61.6000 mm): Zone [0V9] on F.Cu and B.Cu, priority 0
    @(229.0995 mm, 77.9502 mm): Pad 42 [0V9] of U2 on F.Cu
[via_diameter]: Via diameter (board setup constraints min diameter 0.6000 mm; actual 0.2500 mm)
    Rule: flag vias not 0.5/0.2; error
    @(221.5000 mm, 93.7000 mm): Via [xSYS2_TMS] on F.Cu - B.Cu
[via_diameter]: Via diameter (board setup constraints min diameter 0.6000 mm; actual 0.2500 mm)
    Rule: flag vias not 0.5/0.2; error
    @(171.1000 mm, 91.9000 mm): Via [xSYS2_TMS] on F.Cu - B.Cu
[via_diameter]: Via diameter (board setup constraints min diameter 0.6000 mm; actual 0.2500 mm)
    Rule: flag vias not 0.5/0.2; error
    @(234.5000 mm, 81.3000 mm): Via [xSYS2_TMS] on F.Cu - B.Cu
[via_diameter]: Via diameter (board setup constraints min diameter 0.6000 mm; actual 0.4500 mm)
    Rule: flag vias not 0.5/0.2; error
    @(235.5000 mm, 80.6000 mm): Via [1V8] on F.Cu - B.Cu
[via_diameter]: Via diameter (board setup constraints min diameter 0.6000 mm; actual 0.4500 mm)
    Rule: flag vias not 0.5/0.2; error
    @(235.8000 mm, 83.7000 mm): Via [1V8] on F.Cu - B.Cu
[via_diameter]: Via diameter (board setup constraints min diameter 0.6000 mm; actual 0.4500 mm)
    Rule: flag vias not 0.5/0.2; error
    @(239.9000 mm, 75.0000 mm): Via [1V8] on F.Cu - B.Cu
[via_diameter]: Via diameter (board setup constraints min diameter 0.6000 mm; actual 0.4500 mm)
    Rule: flag vias not 0.5/0.2; error
    @(234.7000 mm, 83.7000 mm): Via [1V8] on F.Cu - B.Cu
[via_diameter]: Via diameter (board setup constraints min diameter 0.6000 mm; actual 0.4500 mm)
    Rule: flag vias not 0.5/0.2; error
    @(178.9000 mm, 85.4000 mm): Via [1V8] on F.Cu - B.Cu
[via_diameter]: Via diameter (board setup constraints min diameter 0.6000 mm; actual 0.4500 mm)
    Rule: flag vias not 0.5/0.2; error
    @(236.4000 mm, 74.8000 mm): Via [1V8] on F.Cu - B.Cu
[via_diameter]: Via diameter (board setup constraints min diameter 0.6000 mm; actual 0.4500 mm)
    Rule: flag vias not 0.5/0.2; error
    @(234.5000 mm, 77.6000 mm): Via [1V8] on F.Cu - B.Cu
[via_diameter]: Via diameter (board setup constraints min diameter 0.6000 mm; actual 0.4500 mm)
    Rule: flag vias not 0.5/0.2; error
    @(225.9000 mm, 75.0000 mm): Via [I2C_SCL] on F.Cu - B.Cu
[via_diameter]: Via diameter (board setup constraints min diameter 0.6000 mm; actual 0.4500 mm)
    Rule: flag vias not 0.5/0.2; error
    @(192.6000 mm, 78.4000 mm): Via [I2C_SCL] on F.Cu - B.Cu
[via_diameter]: Via diameter (board setup constraints min diameter 0.6000 mm; actual 0.4500 mm)
    Rule: flag vias not 0.5/0.2; error
    @(206.5000 mm, 84.6000 mm): Via [CS] on F.Cu - B.Cu
[via_diameter]: Via diameter (board setup constraints min diameter 0.6000 mm; actual 0.4500 mm)
    Rule: flag vias not 0.5/0.2; error
    @(228.0000 mm, 85.7000 mm): Via [CS] on F.Cu - B.Cu
[via_diameter]: Via diameter (board setup constraints min diameter 0.6000 mm; actual 0.2500 mm)
    Rule: flag vias not 0.5/0.2; error
    @(221.9000 mm, 86.6000 mm): Via [CS] on F.Cu - B.Cu
[via_diameter]: Via diameter (board setup constraints min diameter 0.6000 mm; actual 0.4500 mm)
    Rule: flag vias not 0.5/0.2; error
    @(222.9000 mm, 81.3000 mm): Via [I2S_ADC_DATA] on F.Cu - B.Cu
[via_diameter]: Via diameter (board setup constraints min diameter 0.6000 mm; actual 0.4500 mm)
    Rule: flag vias not 0.5/0.2; error
    @(194.1000 mm, 80.4000 mm): Via [I2S_ADC_DATA] on F.Cu - B.Cu
[via_diameter]: Via diameter (board setup constraints min diameter 0.6000 mm; actual 0.4500 mm)
    Rule: flag vias not 0.5/0.2; error
    @(254.7100 mm, 82.8200 mm): Via [D-] on F.Cu - B.Cu
[via_diameter]: Via diameter (board setup constraints min diameter 0.6000 mm; actual 0.4500 mm)
    Rule: flag vias not 0.5/0.2; error
    @(255.6200 mm, 83.1500 mm): Via [D-] on F.Cu - B.Cu
[via_diameter]: Via diameter (board setup constraints min diameter 0.6000 mm; actual 0.2500 mm)
    Rule: flag vias not 0.5/0.2; error
    @(233.7000 mm, 85.0000 mm): Via [xSYS2_TDI] on F.Cu - B.Cu
[via_diameter]: Via diameter (board setup constraints min diameter 0.6000 mm; actual 0.2500 mm)
    Rule: flag vias not 0.5/0.2; error
    @(164.4000 mm, 93.2500 mm): Via [xSYS2_TDI] on F.Cu - B.Cu
[via_diameter]: Via diameter (board setup constraints min diameter 0.6000 mm; actual 0.2500 mm)
    Rule: flag vias not 0.5/0.2; error
    @(233.0500 mm, 84.0000 mm): Via [xSYS2_TDI] on F.Cu - B.Cu
[via_diameter]: Via diameter (board setup constraints min diameter 0.6000 mm; actual 0.4500 mm)
    Rule: flag vias not 0.5/0.2; error
    @(220.2000 mm, 73.6000 mm): Via [I2C_SDA] on F.Cu - B.Cu
[via_diameter]: Via diameter (board setup constraints min diameter 0.6000 mm; actual 0.4500 mm)
    Rule: flag vias not 0.5/0.2; error
    @(192.1000 mm, 79.0000 mm): Via [I2C_SDA] on F.Cu - B.Cu
[via_diameter]: Via diameter (board setup constraints min diameter 0.6000 mm; actual 0.2500 mm)
    Rule: flag vias not 0.5/0.2; error
    @(236.4000 mm, 82.0000 mm): Via [RESET] on F.Cu - B.Cu
[via_diameter]: Via diameter (board setup constraints min diameter 0.6000 mm; actual 0.4500 mm)
    Rule: flag vias not 0.5/0.2; error
    @(193.0000 mm, 85.7000 mm): Via [I2S_DAC_DATA] on F.Cu - B.Cu
[via_diameter]: Via diameter (board setup constraints min diameter 0.6000 mm; actual 0.4500 mm)
    Rule: flag vias not 0.5/0.2; error
    @(227.4000 mm, 88.4000 mm): Via [I2S_DAC_DATA] on F.Cu - B.Cu
[via_diameter]: Via diameter (board setup constraints min diameter 0.6000 mm; actual 0.4500 mm)
    Rule: flag vias not 0.5/0.2; error
    @(213.9000 mm, 84.4000 mm): Via [X0D43] on F.Cu - B.Cu
[via_diameter]: Via diameter (board setup constraints min diameter 0.6000 mm; actual 0.4500 mm)
    Rule: flag vias not 0.5/0.2; error
    @(225.6000 mm, 80.3751 mm): Via [X0D43] on F.Cu - B.Cu
[via_diameter]: Via diameter (board setup constraints min diameter 0.6000 mm; actual 0.4500 mm)
    Rule: flag vias not 0.5/0.2; error
    @(219.8281 mm, 83.8000 mm): Via [X0D43] on F.Cu - B.Cu
[via_diameter]: Via diameter (board setup constraints min diameter 0.6000 mm; actual 0.4500 mm)
    Rule: flag vias not 0.5/0.2; error
    @(252.4000 mm, 89.8400 mm): Via [GND] on F.Cu - B.Cu
[via_diameter]: Via diameter (board setup constraints min diameter 0.6000 mm; actual 0.4500 mm)
    Rule: flag vias not 0.5/0.2; error
    @(233.8500 mm, 93.3500 mm): Via [GND] on F.Cu - B.Cu
[via_diameter]: Via diameter (board setup constraints min diameter 0.6000 mm; actual 0.4500 mm)
    Rule: flag vias not 0.5/0.2; error
    @(231.4000 mm, 93.2000 mm): Via [GND] on F.Cu - B.Cu
[via_diameter]: Via diameter (board setup constraints min diameter 0.6000 mm; actual 0.4500 mm)
    Rule: flag vias not 0.5/0.2; error
    @(229.1000 mm, 82.8000 mm): Via [GND] on F.Cu - B.Cu
[via_diameter]: Via diameter (board setup constraints min diameter 0.6000 mm; actual 0.4500 mm)
    Rule: flag vias not 0.5/0.2; error
    @(207.8825 mm, 97.5000 mm): Via [GND] on F.Cu - B.Cu
[via_diameter]: Via diameter (board setup constraints min diameter 0.6000 mm; actual 0.4500 mm)
    Rule: flag vias not 0.5/0.2; error
    @(243.3150 mm, 82.8850 mm): Via [GND] on F.Cu - B.Cu
[via_diameter]: Via diameter (board setup constraints min diameter 0.6000 mm; actual 0.4500 mm)
    Rule: flag vias not 0.5/0.2; error
    @(230.6997 mm, 81.2251 mm): Via [GND] on F.Cu - B.Cu
[via_diameter]: Via diameter (board setup constraints min diameter 0.6000 mm; actual 0.4500 mm)
    Rule: flag vias not 0.5/0.2; error
    @(230.6997 mm, 81.2251 mm): Via [GND] on F.Cu - B.Cu
[via_diameter]: Via diameter (board setup constraints min diameter 0.6000 mm; actual 0.4500 mm)
    Rule: flag vias not 0.5/0.2; error
    @(230.7000 mm, 82.8000 mm): Via [GND] on F.Cu - B.Cu
[via_diameter]: Via diameter (board setup constraints min diameter 0.6000 mm; actual 0.4500 mm)
    Rule: flag vias not 0.5/0.2; error
    @(153.8000 mm, 76.4000 mm): Via [GND] on F.Cu - B.Cu
[via_diameter]: Via diameter (board setup constraints min diameter 0.6000 mm; actual 0.4500 mm)
    Rule: flag vias not 0.5/0.2; error
    @(232.2000 mm, 81.3000 mm): Via [GND] on F.Cu - B.Cu
[via_diameter]: Via diameter (board setup constraints min diameter 0.6000 mm; actual 0.4500 mm)
    Rule: flag vias not 0.5/0.2; error
    @(219.2000 mm, 79.8000 mm): Via [GND] on F.Cu - B.Cu
[via_diameter]: Via diameter (board setup constraints min diameter 0.6000 mm; actual 0.4500 mm)
    Rule: flag vias not 0.5/0.2; error
    @(230.6997 mm, 81.2251 mm): Via [GND] on F.Cu - B.Cu
[via_diameter]: Via diameter (board setup constraints min diameter 0.6000 mm; actual 0.4500 mm)
    Rule: flag vias not 0.5/0.2; error
    @(175.5000 mm, 86.6525 mm): Via [GND] on F.Cu - B.Cu
[via_diameter]: Via diameter (board setup constraints min diameter 0.6000 mm; actual 0.4500 mm)
    Rule: flag vias not 0.5/0.2; error
    @(232.2000 mm, 82.8000 mm): Via [GND] on F.Cu - B.Cu
[via_diameter]: Via diameter (board setup constraints min diameter 0.6000 mm; actual 0.4500 mm)
    Rule: flag vias not 0.5/0.2; error
    @(230.6997 mm, 81.2251 mm): Via [GND] on F.Cu - B.Cu
[via_diameter]: Via diameter (board setup constraints min diameter 0.6000 mm; actual 0.4500 mm)
    Rule: flag vias not 0.5/0.2; error
    @(230.6997 mm, 81.2251 mm): Via [GND] on F.Cu - B.Cu
[via_diameter]: Via diameter (board setup constraints min diameter 0.6000 mm; actual 0.4500 mm)
    Rule: flag vias not 0.5/0.2; error
    @(245.2000 mm, 84.9500 mm): Via [GND] on F.Cu - B.Cu
[via_diameter]: Via diameter (board setup constraints min diameter 0.6000 mm; actual 0.4500 mm)
    Rule: flag vias not 0.5/0.2; error
    @(191.8600 mm, 92.9000 mm): Via [GND] on F.Cu - B.Cu
[via_diameter]: Via diameter (board setup constraints min diameter 0.6000 mm; actual 0.4500 mm)
    Rule: flag vias not 0.5/0.2; error
    @(247.1000 mm, 74.7000 mm): Via [GND] on F.Cu - B.Cu
[via_diameter]: Via diameter (board setup constraints min diameter 0.6000 mm; actual 0.4500 mm)
    Rule: flag vias not 0.5/0.2; error
    @(230.6997 mm, 81.2251 mm): Via [GND] on F.Cu - B.Cu
[via_diameter]: Via diameter (board setup constraints min diameter 0.6000 mm; actual 0.4500 mm)
    Rule: flag vias not 0.5/0.2; error
    @(153.6000 mm, 86.8000 mm): Via [GND] on F.Cu - B.Cu
[via_diameter]: Via diameter (board setup constraints min diameter 0.6000 mm; actual 0.4500 mm)
    Rule: flag vias not 0.5/0.2; error
    @(230.6997 mm, 81.2251 mm): Via [GND] on F.Cu - B.Cu
[via_diameter]: Via diameter (board setup constraints min diameter 0.6000 mm; actual 0.4500 mm)
    Rule: flag vias not 0.5/0.2; error
    @(237.9000 mm, 85.2000 mm): Via [GND] on F.Cu - B.Cu
[via_diameter]: Via diameter (board setup constraints min diameter 0.6000 mm; actual 0.4500 mm)
    Rule: flag vias not 0.5/0.2; error
    @(216.4400 mm, 94.6500 mm): Via [GND] on F.Cu - B.Cu
[via_diameter]: Via diameter (board setup constraints min diameter 0.6000 mm; actual 0.4500 mm)
    Rule: flag vias not 0.5/0.2; error
    @(243.3700 mm, 80.5300 mm): Via [GND] on F.Cu - B.Cu
[via_diameter]: Via diameter (board setup constraints min diameter 0.6000 mm; actual 0.4500 mm)
    Rule: flag vias not 0.5/0.2; error
    @(245.6000 mm, 73.8000 mm): Via [GND] on F.Cu - B.Cu
[via_diameter]: Via diameter (board setup constraints min diameter 0.6000 mm; actual 0.4500 mm)
    Rule: flag vias not 0.5/0.2; error
    @(230.6997 mm, 81.2251 mm): Via [GND] on F.Cu - B.Cu
[via_diameter]: Via diameter (board setup constraints min diameter 0.6000 mm; actual 0.4500 mm)
    Rule: flag vias not 0.5/0.2; error
    @(228.7000 mm, 93.3000 mm): Via [GND] on F.Cu - B.Cu
[via_diameter]: Via diameter (board setup constraints min diameter 0.6000 mm; actual 0.2500 mm)
    Rule: flag vias not 0.5/0.2; error
    @(169.8000 mm, 72.2000 mm): Via [GND] on F.Cu - B.Cu
[via_diameter]: Via diameter (board setup constraints min diameter 0.6000 mm; actual 0.4500 mm)
    Rule: flag vias not 0.5/0.2; error
    @(230.6997 mm, 81.2251 mm): Via [GND] on F.Cu - B.Cu
[via_diameter]: Via diameter (board setup constraints min diameter 0.6000 mm; actual 0.4500 mm)
    Rule: flag vias not 0.5/0.2; error
    @(219.9000 mm, 85.3000 mm): Via [GND] on F.Cu - B.Cu
[via_diameter]: Via diameter (board setup constraints min diameter 0.6000 mm; actual 0.4500 mm)
    Rule: flag vias not 0.5/0.2; error
    @(230.7000 mm, 79.7000 mm): Via [GND] on F.Cu - B.Cu
[via_diameter]: Via diameter (board setup constraints min diameter 0.6000 mm; actual 0.4500 mm)
    Rule: flag vias not 0.5/0.2; error
    @(209.8000 mm, 79.3000 mm): Via [GND] on F.Cu - B.Cu
[via_diameter]: Via diameter (board setup constraints min diameter 0.6000 mm; actual 0.4500 mm)
    Rule: flag vias not 0.5/0.2; error
    @(230.6997 mm, 81.2251 mm): Via [GND] on F.Cu - B.Cu
[via_diameter]: Via diameter (board setup constraints min diameter 0.6000 mm; actual 0.4500 mm)
    Rule: flag vias not 0.5/0.2; error
    @(232.1000 mm, 79.8000 mm): Via [GND] on F.Cu - B.Cu
[via_diameter]: Via diameter (board setup constraints min diameter 0.6000 mm; actual 0.4500 mm)
    Rule: flag vias not 0.5/0.2; error
    @(237.9000 mm, 87.6000 mm): Via [GND] on F.Cu - B.Cu
[via_diameter]: Via diameter (board setup constraints min diameter 0.6000 mm; actual 0.4500 mm)
    Rule: flag vias not 0.5/0.2; error
    @(230.6997 mm, 81.2251 mm): Via [GND] on F.Cu - B.Cu
[via_diameter]: Via diameter (board setup constraints min diameter 0.6000 mm; actual 0.4500 mm)
    Rule: flag vias not 0.5/0.2; error
    @(252.3600 mm, 84.4700 mm): Via [GND] on F.Cu - B.Cu
[via_diameter]: Via diameter (board setup constraints min diameter 0.6000 mm; actual 0.4500 mm)
    Rule: flag vias not 0.5/0.2; error
    @(209.1100 mm, 94.3500 mm): Via [GND] on F.Cu - B.Cu
[via_diameter]: Via diameter (board setup constraints min diameter 0.6000 mm; actual 0.4500 mm)
    Rule: flag vias not 0.5/0.2; error
    @(230.6997 mm, 81.2251 mm): Via [GND] on F.Cu - B.Cu
[via_diameter]: Via diameter (board setup constraints min diameter 0.6000 mm; actual 0.4500 mm)
    Rule: flag vias not 0.5/0.2; error
    @(223.4500 mm, 97.4800 mm): Via [GND] on F.Cu - B.Cu
[via_diameter]: Via diameter (board setup constraints min diameter 0.6000 mm; actual 0.4500 mm)
    Rule: flag vias not 0.5/0.2; error
    @(229.2000 mm, 81.2000 mm): Via [GND] on F.Cu - B.Cu
[via_diameter]: Via diameter (board setup constraints min diameter 0.6000 mm; actual 0.4500 mm)
    Rule: flag vias not 0.5/0.2; error
    @(170.4000 mm, 80.2000 mm): Via [GND] on F.Cu - B.Cu
[via_diameter]: Via diameter (board setup constraints min diameter 0.6000 mm; actual 0.4500 mm)
    Rule: flag vias not 0.5/0.2; error
    @(197.0000 mm, 92.0000 mm): Via [GND] on F.Cu - B.Cu
[via_diameter]: Via diameter (board setup constraints min diameter 0.6000 mm; actual 0.4500 mm)
    Rule: flag vias not 0.5/0.2; error
    @(200.2900 mm, 94.6500 mm): Via [GND] on F.Cu - B.Cu
[via_diameter]: Via diameter (board setup constraints min diameter 0.6000 mm; actual 0.4500 mm)
    Rule: flag vias not 0.5/0.2; error
    @(244.4500 mm, 91.2800 mm): Via [GND] on F.Cu - B.Cu
[via_diameter]: Via diameter (board setup constraints min diameter 0.6000 mm; actual 0.4500 mm)
    Rule: flag vias not 0.5/0.2; error
    @(220.8700 mm, 90.1300 mm): Via [GND] on F.Cu - B.Cu
[via_diameter]: Via diameter (board setup constraints min diameter 0.6000 mm; actual 0.4500 mm)
    Rule: flag vias not 0.5/0.2; error
    @(229.2000 mm, 79.8000 mm): Via [GND] on F.Cu - B.Cu
[via_diameter]: Via diameter (board setup constraints min diameter 0.6000 mm; actual 0.4500 mm)
    Rule: flag vias not 0.5/0.2; error
    @(252.3950 mm, 87.1950 mm): Via [GND] on F.Cu - B.Cu
[via_diameter]: Via diameter (board setup constraints min diameter 0.6000 mm; actual 0.4500 mm)
    Rule: flag vias not 0.5/0.2; error
    @(230.6997 mm, 81.2251 mm): Via [GND] on F.Cu - B.Cu
[via_diameter]: Via diameter (board setup constraints min diameter 0.6000 mm; actual 0.4500 mm)
    Rule: flag vias not 0.5/0.2; error
    @(233.2587 mm, 81.2251 mm): Via [0V9] on F.Cu - B.Cu
[via_diameter]: Via diameter (board setup constraints min diameter 0.6000 mm; actual 0.4500 mm)
    Rule: flag vias not 0.5/0.2; error
    @(226.3000 mm, 87.4000 mm): Via [0V9] on F.Cu - B.Cu
[via_diameter]: Via diameter (board setup constraints min diameter 0.6000 mm; actual 0.4500 mm)
    Rule: flag vias not 0.5/0.2; error
    @(232.1000 mm, 86.3000 mm): Via [0V9] on F.Cu - B.Cu
[via_diameter]: Via diameter (board setup constraints min diameter 0.6000 mm; actual 0.4500 mm)
    Rule: flag vias not 0.5/0.2; error
    @(229.1000 mm, 85.2000 mm): Via [0V9] on F.Cu - B.Cu
[via_diameter]: Via diameter (board setup constraints min diameter 0.6000 mm; actual 0.4500 mm)
    Rule: flag vias not 0.5/0.2; error
    @(228.1406 mm, 81.2251 mm): Via [0V9] on F.Cu - B.Cu
[via_diameter]: Via diameter (board setup constraints min diameter 0.6000 mm; actual 0.4500 mm)
    Rule: flag vias not 0.5/0.2; error
    @(232.3000 mm, 77.2000 mm): Via [0V9] on F.Cu - B.Cu
[via_diameter]: Via diameter (board setup constraints min diameter 0.6000 mm; actual 0.4500 mm)
    Rule: flag vias not 0.5/0.2; error
    @(226.1000 mm, 82.8000 mm): Via [0V9] on F.Cu - B.Cu
[via_diameter]: Via diameter (board setup constraints min diameter 0.6000 mm; actual 0.4500 mm)
    Rule: flag vias not 0.5/0.2; error
    @(229.1000 mm, 76.4000 mm): Via [0V9] on F.Cu - B.Cu
[via_diameter]: Via diameter (board setup constraints min diameter 0.6000 mm; actual 0.4500 mm)
    Rule: flag vias not 0.5/0.2; error
    @(237.4000 mm, 80.2000 mm): Via [0V9] on F.Cu - B.Cu
[via_diameter]: Via diameter (board setup constraints min diameter 0.6000 mm; actual 0.4500 mm)
    Rule: flag vias not 0.5/0.2; error
    @(234.8000 mm, 82.8000 mm): Via [0V9] on F.Cu - B.Cu
[via_diameter]: Via diameter (board setup constraints min diameter 0.6000 mm; actual 0.4500 mm)
    Rule: flag vias not 0.5/0.2; error
    @(231.1000 mm, 75.3000 mm): Via [0V9] on F.Cu - B.Cu
[via_diameter]: Via diameter (board setup constraints min diameter 0.6000 mm; actual 0.4500 mm)
    Rule: flag vias not 0.5/0.2; error
    @(230.6997 mm, 78.6660 mm): Via [0V9] on F.Cu - B.Cu
[via_diameter]: Via diameter (board setup constraints min diameter 0.6000 mm; actual 0.4500 mm)
    Rule: flag vias not 0.5/0.2; error
    @(226.4000 mm, 79.6000 mm): Via [0V9] on F.Cu - B.Cu
[via_diameter]: Via diameter (board setup constraints min diameter 0.6000 mm; actual 0.4500 mm)
    Rule: flag vias not 0.5/0.2; error
    @(230.6997 mm, 83.7841 mm): Via [0V9] on F.Cu - B.Cu
[via_diameter]: Via diameter (board setup constraints min diameter 0.6000 mm; actual 0.4500 mm)
    Rule: flag vias not 0.5/0.2; error
    @(234.2000 mm, 76.4000 mm): Via [0V9] on F.Cu - B.Cu
[via_diameter]: Via diameter (board setup constraints min diameter 0.6000 mm; actual 0.4500 mm)
    Rule: flag vias not 0.5/0.2; error
    @(229.2000 mm, 74.9000 mm): Via [0V9] on F.Cu - B.Cu
[via_diameter]: Via diameter (board setup constraints min diameter 0.6000 mm; actual 0.4500 mm)
    Rule: flag vias not 0.5/0.2; error
    @(225.8000 mm, 85.6000 mm): Via [0V9] on F.Cu - B.Cu
[via_diameter]: Via diameter (board setup constraints min diameter 0.6000 mm; actual 0.4500 mm)
    Rule: flag vias not 0.5/0.2; error
    @(232.6000 mm, 86.7000 mm): Via [I2S_BCLK] on F.Cu - B.Cu
[via_diameter]: Via diameter (board setup constraints min diameter 0.6000 mm; actual 0.4500 mm)
    Rule: flag vias not 0.5/0.2; error
    @(193.5000 mm, 81.0000 mm): Via [I2S_BCLK] on F.Cu - B.Cu
[via_diameter]: Via diameter (board setup constraints min diameter 0.6000 mm; actual 0.4500 mm)
    Rule: flag vias not 0.5/0.2; error
    @(230.9000 mm, 87.4000 mm): Via [I2S_RCLK] on F.Cu - B.Cu
[via_diameter]: Via diameter (board setup constraints min diameter 0.6000 mm; actual 0.4500 mm)
    Rule: flag vias not 0.5/0.2; error
    @(193.2000 mm, 85.0000 mm): Via [I2S_RCLK] on F.Cu - B.Cu
[via_diameter]: Via diameter (board setup constraints min diameter 0.6000 mm; actual 0.4500 mm)
    Rule: flag vias not 0.5/0.2; error
    @(193.0000 mm, 81.7000 mm): Via [I2S_MCLK] on F.Cu - B.Cu
[via_diameter]: Via diameter (board setup constraints min diameter 0.6000 mm; actual 0.4500 mm)
    Rule: flag vias not 0.5/0.2; error
    @(229.6884 mm, 76.5177 mm): Via [I2S_MCLK] on F.Cu - B.Cu
[via_diameter]: Via diameter (board setup constraints min diameter 0.6000 mm; actual 0.4500 mm)
    Rule: flag vias not 0.5/0.2; error
    @(251.6200 mm, 80.9600 mm): Via [D+] on F.Cu - B.Cu
[via_diameter]: Via diameter (board setup constraints min diameter 0.6000 mm; actual 0.4500 mm)
    Rule: flag vias not 0.5/0.2; error
    @(252.9700 mm, 80.7300 mm): Via [D+] on F.Cu - B.Cu
[via_diameter]: Via diameter (board setup constraints min diameter 0.6000 mm; actual 0.4500 mm)
    Rule: flag vias not 0.5/0.2; error
    @(213.1000 mm, 82.6000 mm): Via [X0D30] on F.Cu - B.Cu
[via_diameter]: Via diameter (board setup constraints min diameter 0.6000 mm; actual 0.4500 mm)
    Rule: flag vias not 0.5/0.2; error
    @(225.6000 mm, 82.0000 mm): Via [X0D30] on F.Cu - B.Cu
[via_diameter]: Via diameter (board setup constraints min diameter 0.6000 mm; actual 0.4500 mm)
    Rule: flag vias not 0.5/0.2; error
    @(222.5000 mm, 82.6000 mm): Via [X0D30] on F.Cu - B.Cu
[via_diameter]: Via diameter (board setup constraints min diameter 0.6000 mm; actual 0.4500 mm)
    Rule: flag vias not 0.5/0.2; error
    @(236.5000 mm, 80.3000 mm): Via [3V3] on F.Cu - B.Cu
[via_diameter]: Via diameter (board setup constraints min diameter 0.6000 mm; actual 0.4500 mm)
    Rule: flag vias not 0.5/0.2; error
    @(231.3000 mm, 77.0000 mm): Via [3V3] on F.Cu - B.Cu
[via_diameter]: Via diameter (board setup constraints min diameter 0.6000 mm; actual 0.4500 mm)
    Rule: flag vias not 0.5/0.2; error
    @(233.4000 mm, 75.0000 mm): Via [3V3] on F.Cu - B.Cu
[via_diameter]: Via diameter (board setup constraints min diameter 0.6000 mm; actual 0.4500 mm)
    Rule: flag vias not 0.5/0.2; error
    @(229.9000 mm, 87.5000 mm): Via [3V3] on F.Cu - B.Cu
[via_diameter]: Via diameter (board setup constraints min diameter 0.6000 mm; actual 0.4500 mm)
    Rule: flag vias not 0.5/0.2; error
    @(235.2000 mm, 77.9000 mm): Via [3V3] on F.Cu - B.Cu
[via_diameter]: Via diameter (board setup constraints min diameter 0.6000 mm; actual 0.4500 mm)
    Rule: flag vias not 0.5/0.2; error
    @(230.7000 mm, 85.7000 mm): Via [3V3] on F.Cu - B.Cu
[via_diameter]: Via diameter (board setup constraints min diameter 0.6000 mm; actual 0.2500 mm)
    Rule: flag vias not 0.5/0.2; error
    @(231.5000 mm, 77.9500 mm): Via [X1D18] on F.Cu - B.Cu
[via_diameter]: Via diameter (board setup constraints min diameter 0.6000 mm; actual 0.2500 mm)
    Rule: flag vias not 0.5/0.2; error
    @(230.3500 mm, 75.5000 mm): Via [X1D18] on F.Cu - B.Cu
[via_diameter]: Via diameter (board setup constraints min diameter 0.6000 mm; actual 0.4500 mm)
    Rule: flag vias not 0.5/0.2; error
    @(204.5000 mm, 75.8000 mm): Via [HLD_RST_IO3] on F.Cu - B.Cu
[via_diameter]: Via diameter (board setup constraints min diameter 0.6000 mm; actual 0.4500 mm)
    Rule: flag vias not 0.5/0.2; error
    @(226.8000 mm, 87.0000 mm): Via [HLD_RST_IO3] on F.Cu - B.Cu
[via_diameter]: Via diameter (board setup constraints min diameter 0.6000 mm; actual 0.4500 mm)
    Rule: flag vias not 0.5/0.2; error
    @(207.2000 mm, 84.5000 mm): Via [SI_IO1] on F.Cu - B.Cu
[via_diameter]: Via diameter (board setup constraints min diameter 0.6000 mm; actual 0.4500 mm)
    Rule: flag vias not 0.5/0.2; error
    @(227.0000 mm, 85.7000 mm): Via [SI_IO1] on F.Cu - B.Cu
[via_diameter]: Via diameter (board setup constraints min diameter 0.6000 mm; actual 0.4500 mm)
    Rule: flag vias not 0.5/0.2; error
    @(231.7407 mm, 77.4172 mm): Via [XL_DN0] on F.Cu - B.Cu
[via_diameter]: Via diameter (board setup constraints min diameter 0.6000 mm; actual 0.2500 mm)
    Rule: flag vias not 0.5/0.2; error
    @(167.9500 mm, 87.8500 mm): Via [XL_DN1] on F.Cu - B.Cu
[via_diameter]: Via diameter (board setup constraints min diameter 0.6000 mm; actual 0.2500 mm)
    Rule: flag vias not 0.5/0.2; error
    @(167.9500 mm, 88.5500 mm): Via [XL_DN1] on F.Cu - B.Cu
[via_diameter]: Via diameter (board setup constraints min diameter 0.6000 mm; actual 0.2500 mm)
    Rule: flag vias not 0.5/0.2; error
    @(199.7000 mm, 85.4000 mm): Via [xSYS2_TCK] on F.Cu - B.Cu
[via_diameter]: Via diameter (board setup constraints min diameter 0.6000 mm; actual 0.2500 mm)
    Rule: flag vias not 0.5/0.2; error
    @(234.0000 mm, 80.8000 mm): Via [xSYS2_TCK] on F.Cu - B.Cu
[via_diameter]: Via diameter (board setup constraints min diameter 0.6000 mm; actual 0.2500 mm)
    Rule: flag vias not 0.5/0.2; error
    @(169.2000 mm, 91.2000 mm): Via [xSYS2_TCK] on F.Cu - B.Cu
[via_diameter]: Via diameter (board setup constraints min diameter 0.6000 mm; actual 0.2500 mm)
    Rule: flag vias not 0.5/0.2; error
    @(224.5000 mm, 92.5000 mm): Via [xSYS2_TCK] on F.Cu - B.Cu
[via_diameter]: Via diameter (board setup constraints min diameter 0.6000 mm; actual 0.2500 mm)
    Rule: flag vias not 0.5/0.2; error
    @(171.1000 mm, 91.2000 mm): Via [xSYS2_TCK] on F.Cu - B.Cu
[via_diameter]: Via diameter (board setup constraints min diameter 0.6000 mm; actual 0.2500 mm)
    Rule: flag vias not 0.5/0.2; error
    @(204.5000 mm, 84.1000 mm): Via [xSYS2_TCK] on F.Cu - B.Cu
[via_diameter]: Via diameter (board setup constraints min diameter 0.6000 mm; actual 0.4500 mm)
    Rule: flag vias not 0.5/0.2; error
    @(210.3000 mm, 76.5000 mm): Via [SI_IO0] on F.Cu - B.Cu
[via_diameter]: Via diameter (board setup constraints min diameter 0.6000 mm; actual 0.4500 mm)
    Rule: flag vias not 0.5/0.2; error
    @(225.6957 mm, 84.1893 mm): Via [SI_IO0] on F.Cu - B.Cu
[via_diameter]: Via diameter (board setup constraints min diameter 0.6000 mm; actual 0.2500 mm)
    Rule: flag vias not 0.5/0.2; error
    @(201.5000 mm, 89.3000 mm): Via [xSYS2_TDO] on F.Cu - B.Cu
[via_diameter]: Via diameter (board setup constraints min diameter 0.6000 mm; actual 0.2500 mm)
    Rule: flag vias not 0.5/0.2; error
    @(172.7000 mm, 90.8000 mm): Via [xSYS2_TDO] on F.Cu - B.Cu
[via_diameter]: Via diameter (board setup constraints min diameter 0.6000 mm; actual 0.2500 mm)
    Rule: flag vias not 0.5/0.2; error
    @(235.1000 mm, 82.1000 mm): Via [xSYS2_TDO] on F.Cu - B.Cu
[via_diameter]: Via diameter (board setup constraints min diameter 0.6000 mm; actual 0.2500 mm)
    Rule: flag vias not 0.5/0.2; error
    @(230.8000 mm, 89.9000 mm): Via [xSYS2_TDO] on F.Cu - B.Cu
[via_diameter]: Via diameter (board setup constraints min diameter 0.6000 mm; actual 0.2500 mm)
    Rule: flag vias not 0.5/0.2; error
    @(185.9000 mm, 90.7000 mm): Via [xSYS2_TDO] on F.Cu - B.Cu
[via_diameter]: Via diameter (board setup constraints min diameter 0.6000 mm; actual 0.2500 mm)
    Rule: flag vias not 0.5/0.2; error
    @(226.7000 mm, 88.5000 mm): Via [xSYS2_TDO] on F.Cu - B.Cu
[via_diameter]: Via diameter (board setup constraints min diameter 0.6000 mm; actual 0.2500 mm)
    Rule: flag vias not 0.5/0.2; error
    @(189.4000 mm, 90.7000 mm): Via [xSYS2_TDO] on F.Cu - B.Cu
[via_diameter]: Via diameter (board setup constraints min diameter 0.6000 mm; actual 0.4500 mm)
    Rule: flag vias not 0.5/0.2; error
    @(207.9000 mm, 84.4000 mm): Via [WP_IO2] on F.Cu - B.Cu
[via_diameter]: Via diameter (board setup constraints min diameter 0.6000 mm; actual 0.4500 mm)
    Rule: flag vias not 0.5/0.2; error
    @(225.9000 mm, 84.7000 mm): Via [WP_IO2] on F.Cu - B.Cu
[silk_over_copper]: Silkscreen clipped by solder mask
    Local override; warning
    @(253.0000 mm, 89.5000 mm): Reference field of C9
[silk_over_copper]: Silkscreen clipped by solder mask
    Local override; warning
    @(237.8750 mm, 91.6500 mm): Reference field of FB1
[silk_over_copper]: Silkscreen clipped by solder mask
    Local override; warning
    @(218.8000 mm, 85.4000 mm): Reference field of C23
[silk_over_copper]: Silkscreen clipped by solder mask
    Local override; warning
    @(245.1000 mm, 90.5000 mm): Reference field of TPOSC1
[silk_over_copper]: Silkscreen clipped by solder mask
    Local override; warning
    @(253.3000 mm, 76.3000 mm): Reference field of D2
[silk_over_copper]: Silkscreen clipped by solder mask
    Local override; warning
    @(221.9000 mm, 91.5000 mm): Reference field of R9
[silk_over_copper]: Silkscreen clipped by solder mask
    Local override; warning
    @(152.2000 mm, 80.4000 mm): Segment of J3_IN1 on F.Silkscreen
[silk_over_copper]: Silkscreen clipped by solder mask
    Local override; warning
    @(166.7000 mm, 85.4000 mm): Segment of J3_IN1 on F.Silkscreen
[silk_over_copper]: Silkscreen clipped by solder mask
    Local override; warning
    @(237.8000 mm, 89.4000 mm): Reference field of C32
[silk_over_copper]: Silkscreen clipped by solder mask
    Local override; warning
    @(152.4000 mm, 70.1000 mm): Segment of J4_OUT1 on F.Silkscreen
[silk_over_copper]: Silkscreen clipped by solder mask
    Local override; warning
    @(166.9000 mm, 75.1000 mm): Segment of J4_OUT1 on F.Silkscreen
[silk_over_copper]: Silkscreen clipped by solder mask
    Local override; warning
    @(224.3000 mm, 72.5000 mm): Reference field of TP0V9+1
[silk_over_copper]: Silkscreen clipped by solder mask
    Local override; warning
    @(243.8000 mm, 80.5000 mm): Reference field of C15
[silk_over_copper]: Silkscreen clipped by solder mask
    Local override; warning
    @(230.6997 mm, 81.2251 mm): Reference field of U2
[silk_over_copper]: Silkscreen clipped by solder mask
    Local override; warning
    @(237.2000 mm, 74.1500 mm): Reference field of C25
[silk_over_copper]: Silkscreen clipped by solder mask
    Local override; warning
    @(222.4000 mm, 89.9500 mm): Reference field of C26
[silk_over_copper]: Silkscreen clipped by solder mask
    Local override; warning
    @(190.0305 mm, 94.9657 mm): Polygon of G*** on B.Silkscreen
[silk_overlap]: Silkscreen overlap (board setup constraints silk clearance 0.2000 mm; actual 0.1170 mm)
    Rule: board setup constraints silk; warning
    @(161.1900 mm, 88.8900 mm): PCB text '3V3' on F.Silkscreen
    @(160.8000 mm, 89.0000 mm): Rectangle on F.Silkscreen
[silk_overlap]: Silkscreen overlap (board setup constraints silk clearance 0.2000 mm; actual 0.0000 mm)
    Rule: board setup constraints silk; warning
    @(167.4100 mm, 89.4200 mm): Segment of U8 on F.Silkscreen
    @(160.8000 mm, 89.0000 mm): Rectangle on F.Silkscreen
[silk_overlap]: Silkscreen overlap (board setup constraints silk clearance 0.2000 mm; actual 0.1308 mm)
    Rule: board setup constraints silk; warning
    @(156.3300 mm, 89.3100 mm): PCB text 'GND	' on F.Silkscreen
    @(167.4100 mm, 89.4200 mm): Segment of U8 on F.Silkscreen
[silk_overlap]: Silkscreen overlap (board setup constraints silk clearance 0.2000 mm; actual 0.1500 mm)
    Rule: board setup constraints silk; warning
    @(168.9650 mm, 92.1879 mm): PCB text 'TMS' on F.Silkscreen
    @(168.9650 mm, 92.1879 mm): Segment of U8 on F.Silkscreen
[silk_overlap]: Silkscreen overlap (board setup constraints silk clearance 0.2000 mm; actual 0.0708 mm)
    Rule: board setup constraints silk; warning
    @(168.9650 mm, 93.0500 mm): Segment of U8 on F.Silkscreen
    @(157.3000 mm, 93.0000 mm): PCB text 'UP1' on F.Silkscreen
[silk_overlap]: Silkscreen overlap (board setup constraints silk clearance 0.2000 mm; actual 0.1732 mm)
    Rule: board setup constraints silk; warning
    @(168.2200 mm, 89.4200 mm): Segment of U8 on F.Silkscreen
    @(167.5000 mm, 89.2200 mm): PCB text '1V8
' on F.Silkscreen
[silk_overlap]: Silkscreen overlap (board setup constraints silk clearance 0.2000 mm; actual 0.0650 mm)
    Rule: board setup constraints silk; warning
    @(247.5150 mm, 77.8850 mm): Segment of D2 on F.Silkscreen
    @(249.8950 mm, 78.2900 mm): Polygon of U6 on F.Silkscreen
[silk_overlap]: Silkscreen overlap (board setup constraints silk clearance 0.2000 mm; actual 0.0000 mm)
    Rule: board setup constraints silk; warning
    @(239.0113 mm, 91.3900 mm): Segment of C36 on F.Silkscreen
    @(237.8750 mm, 91.6500 mm): Reference field of FB1
[silk_overlap]: Silkscreen overlap (board setup constraints silk clearance 0.2000 mm; actual 0.1523 mm)
    Rule: board setup constraints silk; warning
    @(231.4000 mm, 93.6000 mm): Reference field of C33
    @(228.7050 mm, 97.8400 mm): Rectangle of L1 on F.Silkscreen
[silk_overlap]: Silkscreen overlap (board setup constraints silk clearance 0.2000 mm; actual 0.1190 mm)
    Rule: board setup constraints silk; warning
    @(228.7375 mm, 93.6000 mm): Reference field of C18
    @(228.7050 mm, 97.8400 mm): Rectangle of L1 on F.Silkscreen
[silk_overlap]: Silkscreen overlap (board setup constraints silk clearance 0.2000 mm; actual 0.0847 mm)
    Rule: board setup constraints silk; warning
    @(233.3000 mm, 95.9000 mm): Reference field of L1
    @(233.5750 mm, 95.7625 mm): Reference field of J3
[silk_overlap]: Silkscreen overlap (board setup constraints silk clearance 0.2000 mm; actual 0.0000 mm)
    Rule: board setup constraints silk; warning
    @(236.1300 mm, 94.6025 mm): Segment of J3 on F.Silkscreen
    @(242.6000 mm, 94.7000 mm): Reference field of Y2
[silk_overlap]: Silkscreen overlap (board setup constraints silk clearance 0.2000 mm; actual 0.0000 mm)
    Rule: board setup constraints silk; warning
    @(236.1300 mm, 94.6025 mm): Segment of J3 on F.Silkscreen
    @(238.3000 mm, 94.1500 mm): Reference field of C36
[silk_overlap]: Silkscreen overlap (board setup constraints silk clearance 0.2000 mm; actual 0.0000 mm)
    Rule: board setup constraints silk; warning
    @(246.1000 mm, 84.5000 mm): Reference field of C8
    @(246.1100 mm, 84.0729 mm): Segment of R4 on F.Silkscreen
[silk_overlap]: Silkscreen overlap (board setup constraints silk clearance 0.2000 mm; actual 0.1223 mm)
    Rule: board setup constraints silk; warning
    @(238.2746 mm, 89.5400 mm): Segment of FB1 on F.Silkscreen
    @(237.8000 mm, 89.4000 mm): Reference field of C32
[silk_overlap]: Silkscreen overlap (board setup constraints silk clearance 0.2000 mm; actual 0.0000 mm)
    Rule: board setup constraints silk; warning
    @(234.8000 mm, 85.3000 mm): Reference field of C13
    @(233.9339 mm, 84.8573 mm): Segment of U2 on F.Silkscreen
[silk_overlap]: Silkscreen overlap (board setup constraints silk clearance 0.2000 mm; actual 0.0000 mm)
    Rule: board setup constraints silk; warning
    @(234.3319 mm, 84.8573 mm): Segment of U2 on F.Silkscreen
    @(234.8000 mm, 85.3000 mm): Reference field of C13
[silk_overlap]: Silkscreen overlap (board setup constraints silk clearance 0.2000 mm; actual 0.1189 mm)
    Rule: board setup constraints silk; warning
    @(227.8993 mm, 85.3636 mm): Footprint text of U2 (*)
    @(227.0675 mm, 84.8573 mm): Segment of U2 on F.Silkscreen
[silk_overlap]: Silkscreen overlap (board setup constraints silk clearance 0.2000 mm; actual 0.1189 mm)
    Rule: board setup constraints silk; warning
    @(227.8993 mm, 85.3636 mm): Footprint text of U2 (*)
    @(227.0675 mm, 84.8573 mm): Segment of U2 on F.Silkscreen
[silk_overlap]: Silkscreen overlap (board setup constraints silk clearance 0.2000 mm; actual 0.0000 mm)
    Rule: board setup constraints silk; warning
    @(227.8993 mm, 85.3636 mm): Footprint text of U2 (*)
    @(227.8993 mm, 85.3636 mm): Footprint text of U2 (*)
[silk_overlap]: Silkscreen overlap (board setup constraints silk clearance 0.2000 mm; actual 0.1015 mm)
    Rule: board setup constraints silk; warning
    @(227.2375 mm, 90.9000 mm): Reference field of C12
    @(227.7900 mm, 89.6887 mm): Segment of C18 on F.Silkscreen
[silk_overlap]: Silkscreen overlap (board setup constraints silk clearance 0.2000 mm; actual 0.0897 mm)
    Rule: board setup constraints silk; warning
    @(243.8000 mm, 81.1000 mm): Reference field of R3
    @(243.8000 mm, 80.5000 mm): Reference field of C15
[silk_overlap]: Silkscreen overlap (board setup constraints silk clearance 0.2000 mm; actual 0.1564 mm)
    Rule: board setup constraints silk; warning
    @(222.4000 mm, 89.9500 mm): Reference field of C26
    @(224.9113 mm, 89.9900 mm): Segment of C12 on F.Silkscreen
[silk_overlap]: Silkscreen overlap (board setup constraints silk clearance 0.2000 mm; actual 0.0000 mm)
    Rule: board setup constraints silk; warning
    @(152.4000 mm, 70.1000 mm): Segment of J4_OUT1 on F.Silkscreen
    @(150.9500 mm, 80.4000 mm): Dimension '107.8' on F.Silkscreen
[silk_overlap]: Silkscreen overlap (board setup constraints silk clearance 0.2000 mm; actual 0.0000 mm)
    Rule: board setup constraints silk; warning
    @(152.4000 mm, 75.1000 mm): Segment of J4_OUT1 on F.Silkscreen
    @(150.9500 mm, 80.4000 mm): Dimension '107.8' on F.Silkscreen
[silk_overlap]: Silkscreen overlap (board setup constraints silk clearance 0.2000 mm; actual 0.1342 mm)
    Rule: board setup constraints silk; warning
    @(212.9600 mm, 71.5600 mm): Segment of J2 on F.Silkscreen
    @(224.3000 mm, 72.5000 mm): Reference field of TP0V9+1
[silk_overlap]: Silkscreen overlap (board setup constraints silk clearance 0.2000 mm; actual 0.1914 mm)
    Rule: board setup constraints silk; warning
    @(224.3000 mm, 72.5000 mm): Reference field of TP0V9+1
    @(224.3250 mm, 71.5600 mm): Segment of J2 on F.Silkscreen
[silk_overlap]: Silkscreen overlap (board setup constraints silk clearance 0.2000 mm; actual 0.0000 mm)
    Rule: board setup constraints silk; warning
    @(247.5150 mm, 74.7150 mm): Segment of D2 on F.Silkscreen
    @(247.4650 mm, 71.5150 mm): Segment of D1 on F.Silkscreen
[silk_overlap]: Silkscreen overlap (board setup constraints silk clearance 0.2000 mm; actual 0.0000 mm)
    Rule: board setup constraints silk; warning
    @(247.5150 mm, 74.7150 mm): Segment of D2 on F.Silkscreen
    @(247.4650 mm, 74.6850 mm): Segment of D1 on F.Silkscreen
[silk_overlap]: Silkscreen overlap (board setup constraints silk clearance 0.2000 mm; actual 0.0000 mm)
    Rule: board setup constraints silk; warning
    @(251.4000 mm, 74.7150 mm): Segment of D2 on F.Silkscreen
    @(247.4650 mm, 71.5150 mm): Segment of D1 on F.Silkscreen
[silk_overlap]: Silkscreen overlap (board setup constraints silk clearance 0.2000 mm; actual 0.0000 mm)
    Rule: board setup constraints silk; warning
    @(251.4000 mm, 74.7150 mm): Segment of D2 on F.Silkscreen
    @(247.4650 mm, 74.6850 mm): Segment of D1 on F.Silkscreen
[silk_overlap]: Silkscreen overlap (board setup constraints silk clearance 0.2000 mm; actual 0.0000 mm)
    Rule: board setup constraints silk; warning
    @(218.8000 mm, 82.6000 mm): Reference field of C21
    @(219.5100 mm, 82.1887 mm): Segment of C22 on F.Silkscreen
[silk_overlap]: Silkscreen overlap (board setup constraints silk clearance 0.2000 mm; actual 0.0000 mm)
    Rule: board setup constraints silk; warning
    @(232.4500 mm, 72.3000 mm): Reference field of C20
    @(232.1100 mm, 73.0113 mm): Segment of C24 on F.Silkscreen
[silk_overlap]: Silkscreen overlap (board setup constraints silk clearance 0.2000 mm; actual 0.1667 mm)
    Rule: board setup constraints silk; warning
    @(218.8000 mm, 82.6000 mm): Reference field of C21
    @(217.6900 mm, 82.1887 mm): Segment of C22 on F.Silkscreen
[silk_overlap]: Silkscreen overlap (board setup constraints silk clearance 0.2000 mm; actual 0.1840 mm)
    Rule: board setup constraints silk; warning
    @(214.2725 mm, 77.7550 mm): Reference field of R6
    @(213.5729 mm, 78.3900 mm): Segment of R6 on F.Silkscreen

** Found 125 unconnected pads **
[unconnected_items]: Missing connection between items
    Local override; error
    @(162.0500 mm, 86.8525 mm): Pad 1 [X1D19] of R2 on F.Cu
    @(231.0998 mm, 77.9502 mm): Pad 37 [X1D19] of U2 on F.Cu
[unconnected_items]: Missing connection between items
    Local override; error
    @(218.5000 mm, 70.4000 mm): PTH pad 6 [X0D32] of J2
    @(227.4247 mm, 82.4253 mm): Pad 56 [X0D32] of U2 on F.Cu
[unconnected_items]: Missing connection between items
    Local override; error
    @(234.5000 mm, 77.6000 mm): Track [1V8] on In2.Cu, length 0.7234 mm
    @(235.7000 mm, 79.9000 mm): Track [1V8] on In2.Cu, length 2.6772 mm
[unconnected_items]: Missing connection between items
    Local override; error
    @(237.9228 mm, 75.0000 mm): Track [1V8] on In2.Cu, length 1.9772 mm
    @(241.0375 mm, 73.8000 mm): Pad 1 [1V8] of C14 on F.Cu
[unconnected_items]: Missing connection between items
    Local override; error
    @(239.8625 mm, 92.3000 mm): Pad 1 [1V8] of C36 on F.Cu
    @(241.8750 mm, 93.1250 mm): Track [1V8] on F.Cu, length 1.4500 mm
[unconnected_items]: Missing connection between items
    Local override; error
    @(235.8000 mm, 83.7000 mm): Track [1V8] on F.Cu, length 1.1625 mm
    @(235.0000 mm, 80.1000 mm): Track [1V8] on F.Cu, length 0.7071 mm
[unconnected_items]: Missing connection between items
    Local override; error
    @(185.1000 mm, 86.5000 mm): PTH pad 1 [1V8] of TP1V8+1
    @(179.2625 mm, 85.4000 mm): Track [1V8] on F.Cu, length 1.8385 mm
[unconnected_items]: Missing connection between items
    Local override; error
    @(239.8625 mm, 92.3000 mm): Pad 1 [1V8] of C36 on F.Cu
    @(236.2375 mm, 85.3000 mm): Pad 1 [1V8] of C13 on F.Cu
[unconnected_items]: Missing connection between items
    Local override; error
    @(204.7375 mm, 93.2000 mm): Track [1V8] on F.Cu, length 2.5800 mm
    @(212.7375 mm, 93.1500 mm): Pad 5 [1V8] of U5 on F.Cu
[unconnected_items]: Missing connection between items
    Local override; error
    @(185.1000 mm, 86.5000 mm): PTH pad 1 [1V8] of TP1V8+1
    @(204.6375 mm, 90.5000 mm): Track [1V8] on F.Cu, length 2.6000 mm
[unconnected_items]: Missing connection between items
    Local override; error
    @(233.9747 mm, 83.6254 mm): Track [1V8] on F.Cu, length 0.6507 mm
    @(212.7375 mm, 93.1500 mm): Pad 5 [1V8] of U5 on F.Cu
[unconnected_items]: Missing connection between items
    Local override; error
    @(233.1000 mm, 77.9502 mm): Pad 32 [X1D13] of U2 on F.Cu
    @(241.6700 mm, 95.7625 mm): PTH pad 6 [X1D13] of J3
[unconnected_items]: Missing connection between items
    Local override; error
    @(214.6900 mm, 70.4000 mm): PTH pad 3 [X0D29] of J2
    @(229.8996 mm, 77.9502 mm): Pad 40 [X0D29] of U2 on F.Cu
[unconnected_items]: Missing connection between items
    Local override; error
    @(227.4247 mm, 80.0250 mm): Pad 50 [X0D41] of U2 on F.Cu
    @(235.3200 mm, 95.7625 mm): PTH pad 1 [X0D41] of J3
[unconnected_items]: Missing connection between items
    Local override; error
    @(237.1000 mm, 84.0000 mm): Track [RESET] on B.Cu, length 0.1414 mm
    @(244.2100 mm, 95.7625 mm): PTH pad 8 [RESET] of J3
[unconnected_items]: Missing connection between items
    Local override; error
    @(237.8600 mm, 95.7625 mm): PTH pad 3 [X0D43] of J3
    @(227.4247 mm, 80.4250 mm): Pad 51 [X0D43] of U2 on F.Cu
[unconnected_items]: Missing connection between items
    Local override; error
    @(237.8600 mm, 95.7625 mm): PTH pad 3 [X0D43] of J3
    @(253.4500 mm, 75.8000 mm): Pad 1 [X0D43] of R29 on F.Cu
[unconnected_items]: Missing connection between items
    Local override; error
    @(196.2250 mm, 79.1000 mm): Pad 27 [GND] of U9 on F.Cu
    @(196.2250 mm, 78.4500 mm): Pad 28 [GND] of U9 on F.Cu
[unconnected_items]: Missing connection between items
    Local override; error
    @(196.2250 mm, 82.3500 mm): Pad 22 [GND] of U9 on F.Cu
    @(196.2250 mm, 81.7000 mm): Pad 23 [GND] of U9 on F.Cu
[unconnected_items]: Missing connection between items
    Local override; error
    @(209.1100 mm, 94.3500 mm): Via [GND] on F.Cu - B.Cu
    @(208.1500 mm, 93.2000 mm): Track [GND] on F.Cu, length 1.4708 mm
[unconnected_items]: Missing connection between items
    Local override; error
    @(227.2000 mm, 97.3000 mm): Pad 11 [GND] of U3 on F.Cu
    @(226.4500 mm, 95.4000 mm): Pad 3 [GND] of U3 on F.Cu
[unconnected_items]: Missing connection between items
    Local override; error
    @(209.0625 mm, 82.6000 mm): Pad 2 [GND] of C11 on F.Cu
    @(209.3000 mm, 80.2000 mm): Pad 4 [GND] of U1 on F.Cu
[unconnected_items]: Missing connection between items
    Local override; error
    @(191.2000 mm, 73.5750 mm): Pad 1 [GND] of C39 on F.Cu
    @(191.2000 mm, 76.0750 mm): Pad 1 [GND] of C41 on F.Cu
[unconnected_items]: Missing connection between items
    Local override; error
    @(196.2250 mm, 81.7000 mm): Pad 23 [GND] of U9 on F.Cu
    @(196.2250 mm, 79.1000 mm): Pad 27 [GND] of U9 on F.Cu
[unconnected_items]: Missing connection between items
    Local override; error
    @(201.7250 mm, 79.9750 mm): Pad 2 [GND] of C42 on F.Cu
    @(201.6875 mm, 77.3750 mm): Pad 2 [GND] of C40 on F.Cu
[unconnected_items]: Missing connection between items
    Local override; error
    @(201.7250 mm, 79.9750 mm): Pad 2 [GND] of C42 on F.Cu
    @(201.8250 mm, 82.7750 mm): Pad 2 [GND] of C43 on F.Cu
[unconnected_items]: Missing connection between items
    Local override; error
    @(191.2000 mm, 73.5750 mm): Pad 1 [GND] of C39 on F.Cu
    @(192.6125 mm, 71.0000 mm): Pad 2 [GND] of R23 on F.Cu
[unconnected_items]: Missing connection between items
    Local override; error
    @(233.8000 mm, 93.3000 mm): Track [GND] on F.Cu, length 1.3375 mm
    @(236.7375 mm, 92.3000 mm): Pad 2 [GND] of C36 on F.Cu
[unconnected_items]: Missing connection between items
    Local override; error
    @(228.6500 mm, 93.3800 mm): Track [GND] on F.Cu, length 0.0707 mm
    @(226.4500 mm, 95.4000 mm): Pad 3 [GND] of U3 on F.Cu
[unconnected_items]: Missing connection between items
    Local override; error
    @(231.2000 mm, 70.7375 mm): Pad 2 [GND] of C24 on F.Cu
    @(234.3000 mm, 70.7375 mm): Pad 2 [GND] of C20 on F.Cu
[unconnected_items]: Missing connection between items
    Local override; error
    @(237.5000 mm, 70.6375 mm): Pad 2 [GND] of C27 on F.Cu
    @(234.3000 mm, 70.7375 mm): Pad 2 [GND] of C20 on F.Cu
[unconnected_items]: Missing connection between items
    Local override; error
    @(227.9000 mm, 70.7000 mm): Pad 2 [GND] of C17 on F.Cu
    @(231.2000 mm, 70.7375 mm): Pad 2 [GND] of C24 on F.Cu
[unconnected_items]: Missing connection between items
    Local override; error
    @(250.7500 mm, 79.0500 mm): Pad 3 [GND] of U6 on F.Cu
    @(247.1000 mm, 74.7000 mm): Segment [GND] on F.Cu
[unconnected_items]: Missing connection between items
    Local override; error
    @(201.8250 mm, 82.7750 mm): Pad 2 [GND] of C43 on F.Cu
    @(201.8250 mm, 86.4750 mm): Pad 2 [GND] of C44 on F.Cu
[unconnected_items]: Missing connection between items
    Local override; error
    @(196.2250 mm, 86.2500 mm): Pad 16 [GND] of U9 on F.Cu
    @(196.2250 mm, 82.3500 mm): Pad 22 [GND] of U9 on F.Cu
[unconnected_items]: Missing connection between items
    Local override; error
    @(223.5800 mm, 70.4000 mm): PTH pad 10 [GND] of J2
    @(227.9000 mm, 70.7000 mm): Pad 2 [GND] of C17 on F.Cu
[unconnected_items]: Missing connection between items
    Local override; error
    @(219.4000 mm, 79.6000 mm): Track [GND] on F.Cu, length 1.5375 mm
    @(224.3375 mm, 75.9000 mm): Pad 2 [GND] of C16 on F.Cu
[unconnected_items]: Missing connection between items
    Local override; error
    @(238.7625 mm, 76.0000 mm): Pad 2 [GND] of C25 on F.Cu
    @(243.3400 mm, 80.5000 mm): Track [GND] on F.Cu, length 1.5775 mm
[unconnected_items]: Missing connection between items
    Local override; error
    @(191.2000 mm, 76.0750 mm): Pad 1 [GND] of C41 on F.Cu
    @(196.2250 mm, 78.4500 mm): Pad 28 [GND] of U9 on F.Cu
[unconnected_items]: Missing connection between items
    Local override; error
    @(196.2250 mm, 78.4500 mm): Pad 28 [GND] of U9 on F.Cu
    @(201.6875 mm, 77.3750 mm): Pad 2 [GND] of C40 on F.Cu
[unconnected_items]: Missing connection between items
    Local override; error
    @(207.3950 mm, 77.3000 mm): Pad 9 [GND] of U1 on F.Cu
    @(201.6875 mm, 77.3750 mm): Pad 2 [GND] of C40 on F.Cu
[unconnected_items]: Missing connection between items
    Local override; error
    @(196.2250 mm, 82.3500 mm): Pad 22 [GND] of U9 on F.Cu
    @(190.5000 mm, 83.0000 mm): Pad 8 [GND] of U9 on F.Cu
[unconnected_items]: Missing connection between items
    Local override; error
    @(184.2750 mm, 73.6000 mm): Pad 1 [GND] of C48 on F.Cu
    @(191.2000 mm, 73.5750 mm): Pad 1 [GND] of C39 on F.Cu
[unconnected_items]: Missing connection between items
    Local override; error
    @(222.3100 mm, 70.4000 mm): PTH pad 9 [X0D39] of J2
    @(227.4247 mm, 78.8248 mm): Pad 47 [X0D39] of U2 on F.Cu
[unconnected_items]: Missing connection between items
    Local override; error
    @(226.2000 mm, 94.5000 mm): Pad 6 [0V9] of U3 on F.Cu
    @(148.3000 mm, 61.6000 mm): Zone [0V9] on F.Cu and B.Cu, priority 0
[unconnected_items]: Missing connection between items
    Local override; error
    @(148.3000 mm, 61.6000 mm): Zone [0V9] on F.Cu and B.Cu, priority 0
    @(226.2000 mm, 94.5000 mm): Pad 6 [0V9] of U3 on F.Cu
[unconnected_items]: Missing connection between items
    Local override; error
    @(233.9747 mm, 84.0255 mm): Pad 16 [Net-(U2A-XIN)] of U2 on F.Cu
    @(241.7000 mm, 86.3500 mm): Pad 1 [Net-(U2A-XIN)] of R5 on F.Cu
[unconnected_items]: Missing connection between items
    Local override; error
    @(236.2375 mm, 87.7000 mm): Pad 1 [Net-(U2B-PLL_AVDD)] of C32 on F.Cu
    @(238.9375 mm, 90.1000 mm): Pad 1 [Net-(U2B-PLL_AVDD)] of FB1 on F.Cu
[unconnected_items]: Missing connection between items
    Local override; error
    @(233.9747 mm, 81.6252 mm): Pad 22 [Net-(U2B-PLL_AVDD)] of U2 on F.Cu
    @(236.2375 mm, 87.7000 mm): Pad 1 [Net-(U2B-PLL_AVDD)] of C32 on F.Cu
[unconnected_items]: Missing connection between items
    Local override; error
    @(215.9600 mm, 70.4000 mm): PTH pad 4 [X0D30] of J2
    @(219.8211 mm, 82.6000 mm): Track [X0D30] on B.Cu, length 6.7211 mm
[unconnected_items]: Missing connection between items
    Local override; error
    @(194.3250 mm, 76.0750 mm): Pad 2 [3V3] of C41 on F.Cu
    @(194.3250 mm, 73.5750 mm): Pad 2 [3V3] of C39 on F.Cu
[unconnected_items]: Missing connection between items
    Local override; error
    @(190.6000 mm, 97.3625 mm): Pad 1 [3V3] of C29 on F.Cu
    @(193.3000 mm, 97.3250 mm): Pad 1 [3V3] of C30 on F.Cu
[unconnected_items]: Missing connection between items
    Local override; error
    @(237.8000 mm, 81.6000 mm): Track [3V3] on F.Cu, length 1.8385 mm
    @(234.8000 mm, 78.2000 mm): Track [3V3] on F.Cu, length 0.6006 mm
[unconnected_items]: Missing connection between items
    Local override; error
    @(233.9747 mm, 78.4248 mm): Pad 30 [3V3] of U2 on F.Cu
    @(231.3000 mm, 77.0000 mm): Track [3V3] on In2.Cu, length 0.1000 mm
[unconnected_items]: Missing connection between items
    Local override; error
    @(212.7500 mm, 79.3000 mm): Pad 1 [3V3] of R6 on F.Cu
    @(215.1000 mm, 75.8000 mm): Pad 2 [3V3] of R30 on F.Cu
[unconnected_items]: Missing connection between items
    Local override; error
    @(227.4247 mm, 80.8251 mm): Pad 52 [3V3] of U2 on F.Cu
    @(230.6997 mm, 77.9502 mm): Pad 38 [3V3] of U2 on F.Cu
[unconnected_items]: Missing connection between items
    Local override; error
    @(227.4247 mm, 80.8251 mm): Pad 52 [3V3] of U2 on F.Cu
    @(230.6997 mm, 84.5000 mm): Pad 8 [3V3] of U2 on F.Cu
[unconnected_items]: Missing connection between items
    Local override; error
    @(200.2250 mm, 73.4750 mm): Pad 2 [3V3] of R19 on F.Cu
    @(205.4900 mm, 74.4000 mm): Pad 8 [3V3] of U1 on F.Cu
[unconnected_items]: Missing connection between items
    Local override; error
    @(200.2250 mm, 73.4750 mm): Pad 2 [3V3] of R19 on F.Cu
    @(194.3250 mm, 73.5750 mm): Pad 2 [3V3] of C39 on F.Cu
[unconnected_items]: Missing connection between items
    Local override; error
    @(184.5125 mm, 81.5750 mm): Track [3V3] on F.Cu, length 3.9952 mm
    @(190.5000 mm, 82.3500 mm): Pad 7 [3V3] of U9 on F.Cu
[unconnected_items]: Missing connection between items
    Local override; error
    @(212.7500 mm, 79.3000 mm): Pad 1 [3V3] of R6 on F.Cu
    @(218.6000 mm, 81.3375 mm): Pad 1 [3V3] of C22 on F.Cu
[unconnected_items]: Missing connection between items
    Local override; error
    @(194.3250 mm, 76.0750 mm): Pad 2 [3V3] of C41 on F.Cu
    @(190.5000 mm, 82.3500 mm): Pad 7 [3V3] of U9 on F.Cu
[unconnected_items]: Missing connection between items
    Local override; error
    @(205.9375 mm, 82.6000 mm): Pad 1 [3V3] of C11 on F.Cu
    @(212.7500 mm, 79.3000 mm): Pad 1 [3V3] of R6 on F.Cu
[unconnected_items]: Missing connection between items
    Local override; error
    @(197.9375 mm, 91.0500 mm): Pad 5 [3V3] of U4 on F.Cu
    @(193.3000 mm, 97.3250 mm): Pad 1 [3V3] of C30 on F.Cu
[unconnected_items]: Missing connection between items
    Local override; error
    @(205.4900 mm, 74.4000 mm): Pad 8 [3V3] of U1 on F.Cu
    @(205.9375 mm, 82.6000 mm): Pad 1 [3V3] of C11 on F.Cu
[unconnected_items]: Missing connection between items
    Local override; error
    @(168.8000 mm, 85.7000 mm): PTH pad 1 [3V3] of TP3V3+1
    @(161.8700 mm, 90.6000 mm): PTH pad 11 [3V3] of U8
[unconnected_items]: Missing connection between items
    Local override; error
    @(200.2000 mm, 90.0375 mm): Track [3V3] on F.Cu, length 1.2500 mm
    @(205.9375 mm, 82.6000 mm): Pad 1 [3V3] of C11 on F.Cu
[unconnected_items]: Missing connection between items
    Local override; error
    @(238.6375 mm, 82.8000 mm): Pad 1 [3V3] of C28 on F.Cu
    @(246.7500 mm, 95.7625 mm): PTH pad 10 [3V3] of J3
[unconnected_items]: Missing connection between items
    Local override; error
    @(230.2997 mm, 77.9502 mm): Pad 39 [X1D22] of U2 on F.Cu
    @(242.9400 mm, 95.7625 mm): PTH pad 7 [X1D22] of J3
[unconnected_items]: Missing connection between items
    Local override; error
    @(212.1500 mm, 70.4000 mm): PTH pad 1 [X0D00] of J2
    @(229.8996 mm, 84.5000 mm): Pad 6 [X0D00] of U2 on F.Cu
[unconnected_items]: Missing connection between items
    Local override; error
    @(227.4247 mm, 79.2249 mm): Pad 48 [X0D42] of U2 on F.Cu
    @(236.5900 mm, 95.7625 mm): PTH pad 2 [X0D42] of J3
[unconnected_items]: Missing connection between items
    Local override; error
    @(219.7700 mm, 70.4000 mm): PTH pad 7 [X0D33] of J2
    @(227.4247 mm, 83.2254 mm): Pad 58 [X0D33] of U2 on F.Cu
[unconnected_items]: Missing connection between items
    Local override; error
    @(217.2300 mm, 70.4000 mm): PTH pad 5 [X0D31] of J2
    @(227.4247 mm, 82.0252 mm): Pad 55 [X0D31] of U2 on F.Cu
[unconnected_items]: Missing connection between items
    Local override; error
    @(213.4200 mm, 70.4000 mm): PTH pad 2 [X0D11] of J2
    @(230.2997 mm, 84.5000 mm): Pad 7 [X0D11] of U2 on F.Cu
[unconnected_items]: Missing connection between items
    Local override; error
    @(231.8998 mm, 84.5000 mm): Pad 11 [X1D09] of U2 on F.Cu
    @(239.1300 mm, 95.7625 mm): PTH pad 4 [X1D09] of J3
[unconnected_items]: Missing connection between items
    Local override; error
    @(221.0400 mm, 70.4000 mm): PTH pad 8 [X0D36] of J2
    @(228.6995 mm, 77.9502 mm): Pad 43 [X0D36] of U2 on F.Cu
[unconnected_items]: Missing connection between items
    Local override; error
    @(233.1000 mm, 84.5000 mm): Pad 14 [X1D11] of U2 on F.Cu
    @(240.4000 mm, 95.7625 mm): PTH pad 5 [X1D11] of J3
[unconnected_items]: Missing connection between items
    Local override; error
    @(214.5500 mm, 82.6000 mm): Pad 1 [Net-(U2A-X0D10)] of R7 on F.Cu
    @(229.4995 mm, 84.5000 mm): Pad 5 [Net-(U2A-X0D10)] of U2 on F.Cu
[unconnected_items]: Missing connection between items
    Local override; error
    @(226.4500 mm, 96.4000 mm): Pad 1 [5V] of U3 on F.Cu
    @(226.7000 mm, 97.3000 mm): Pad 10 [5V] of U3 on F.Cu
[unconnected_items]: Missing connection between items
    Local override; error
    @(225.7000 mm, 97.3000 mm): Pad 8 [5V] of U3 on F.Cu
    @(226.7000 mm, 97.3000 mm): Pad 10 [5V] of U3 on F.Cu
[unconnected_items]: Missing connection between items
    Local override; error
    @(210.4625 mm, 95.0500 mm): Pad 3 [5V] of U5 on F.Cu
    @(210.4625 mm, 93.1500 mm): Pad 1 [5V] of U5 on F.Cu
[unconnected_items]: Missing connection between items
    Local override; error
    @(195.6625 mm, 92.9500 mm): Pad 3 [5V] of U4 on F.Cu
    @(195.6625 mm, 91.0500 mm): Pad 1 [5V] of U4 on F.Cu
[unconnected_items]: Missing connection between items
    Local override; error
    @(247.8375 mm, 87.2000 mm): Pad 1 [5V] of C9 on F.Cu
    @(247.8375 mm, 89.8000 mm): Pad 1 [5V] of C10 on F.Cu
[unconnected_items]: Missing connection between items
    Local override; error
    @(198.5625 mm, 77.3750 mm): Pad 1 [5V] of C40 on F.Cu
    @(198.6000 mm, 79.9750 mm): Pad 1 [5V] of C42 on F.Cu
[unconnected_items]: Missing connection between items
    Local override; error
    @(198.6000 mm, 79.9750 mm): Pad 1 [5V] of C42 on F.Cu
    @(196.2250 mm, 81.0500 mm): Pad 24 [5V] of U9 on F.Cu
[unconnected_items]: Missing connection between items
    Local override; error
    @(247.8375 mm, 89.8000 mm): Pad 1 [5V] of C10 on F.Cu
    @(245.4800 mm, 95.7625 mm): PTH pad 9 [5V] of J3
[unconnected_items]: Missing connection between items
    Local override; error
    @(218.2625 mm, 95.9000 mm): Pad 1 [5V] of C2 on F.Cu
    @(213.1625 mm, 90.5000 mm): Pad 1 [5V] of C6 on F.Cu
[unconnected_items]: Missing connection between items
    Local override; error
    @(218.2625 mm, 95.9000 mm): Pad 1 [5V] of C2 on F.Cu
    @(225.7000 mm, 97.3000 mm): Pad 8 [5V] of U3 on F.Cu
[unconnected_items]: Missing connection between items
    Local override; error
    @(254.9000 mm, 94.2375 mm): Pad 2 [5V] of F1 on F.Cu
    @(247.8375 mm, 89.8000 mm): Pad 1 [5V] of C10 on F.Cu
[unconnected_items]: Missing connection between items
    Local override; error
    @(196.2250 mm, 81.0500 mm): Pad 24 [5V] of U9 on F.Cu
    @(195.6625 mm, 91.0500 mm): Pad 1 [5V] of U4 on F.Cu
[unconnected_items]: Missing connection between items
    Local override; error
    @(195.6625 mm, 92.9500 mm): Pad 3 [5V] of U4 on F.Cu
    @(210.4625 mm, 93.1500 mm): Pad 1 [5V] of U5 on F.Cu
[unconnected_items]: Missing connection between items
    Local override; error
    @(247.8375 mm, 87.2000 mm): Pad 1 [5V] of C9 on F.Cu
    @(256.5500 mm, 73.1000 mm): Pad 1 [5V] of R28 on F.Cu
[unconnected_items]: Missing connection between items
    Local override; error
    @(226.7000 mm, 97.3000 mm): Pad 10 [5V] of U3 on F.Cu
    @(245.4800 mm, 95.7625 mm): PTH pad 9 [5V] of J3
[unconnected_items]: Missing connection between items
    Local override; error
    @(226.7000 mm, 94.5000 mm): Pad 5 [Net-(U3-FB)] of U3 on F.Cu
    @(223.4500 mm, 93.3850 mm): Pad 2 [Net-(U3-FB)] of R9 on F.Cu
[unconnected_items]: Missing connection between items
    Local override; error
    @(223.4500 mm, 93.3850 mm): Pad 2 [Net-(U3-FB)] of R9 on F.Cu
    @(220.3500 mm, 95.9000 mm): Pad 1 [Net-(U3-FB)] of R17 on F.Cu
[unconnected_items]: Missing connection between items
    Local override; error
    @(226.4500 mm, 95.9000 mm): Pad 2 [Net-(U3-SW)] of U3 on F.Cu
    @(230.6350 mm, 97.1900 mm): Pad 1 [Net-(U3-SW)] of L1 on F.Cu
[unconnected_items]: Missing connection between items
    Local override; error
    @(187.3875 mm, 71.0000 mm): Pad 2 [Net-(J4_OUT1-RING)] of C47 on F.Cu
    @(189.5125 mm, 71.0000 mm): Pad 1 [Net-(J4_OUT1-RING)] of R23 on F.Cu
[unconnected_items]: Missing connection between items
    Local override; error
    @(157.7000 mm, 69.0250 mm): Pad 3 [Net-(J4_OUT1-RING)] of J4_OUT1 on F.Cu
    @(187.3875 mm, 71.0000 mm): Pad 2 [Net-(J4_OUT1-RING)] of C47 on F.Cu
[unconnected_items]: Missing connection between items
    Local override; error
    @(248.2500 mm, 81.1000 mm): Pad 1 [Net-(J1-CC1)] of R3 on F.Cu
    @(254.2525 mm, 83.8800 mm): Pad A5 [Net-(J1-CC1)] of J1 on F.Cu
[unconnected_items]: Missing connection between items
    Local override; error
    @(245.2000 mm, 83.2500 mm): Pad 1 [Net-(J1-CC2)] of R4 on F.Cu
    @(255.5025 mm, 82.1300 mm): Pad B5 [Net-(J1-CC2)] of J1 on F.Cu
[unconnected_items]: Missing connection between items
    Local override; error
    @(179.0500 mm, 78.9000 mm): Pad 1 [Net-(U9-V_{IN}R)] of R26 on F.Cu
    @(196.2250 mm, 79.7500 mm): Pad 26 [Net-(U9-V_{IN}R)] of U9 on F.Cu
[unconnected_items]: Missing connection between items
    Local override; error
    @(179.0500 mm, 81.6000 mm): Pad 1 [Net-(U9-V_{IN}L)] of R24 on F.Cu
    @(196.2250 mm, 80.4000 mm): Pad 25 [Net-(U9-V_{IN}L)] of U9 on F.Cu
[unconnected_items]: Missing connection between items
    Local override; error
    @(184.2625 mm, 71.0000 mm): Pad 1 [Net-(C47-Pad1)] of C47 on F.Cu
    @(182.0625 mm, 71.0000 mm): Pad 1 [Net-(C47-Pad1)] of R22 on F.Cu
[unconnected_items]: Missing connection between items
    Local override; error
    @(187.4000 mm, 73.6000 mm): Pad 2 [Net-(C47-Pad1)] of C48 on F.Cu
    @(184.2625 mm, 71.0000 mm): Pad 1 [Net-(C47-Pad1)] of C47 on F.Cu
[unconnected_items]: Missing connection between items
    Local override; error
    @(178.9625 mm, 71.0000 mm): Pad 2 [Net-(U9-V_{OUT}R+)] of R22 on F.Cu
    @(196.2250 mm, 84.9500 mm): Pad 18 [Net-(U9-V_{OUT}R+)] of U9 on F.Cu
[unconnected_items]: Missing connection between items
    Local override; error
    @(176.8375 mm, 73.6000 mm): Pad 1 [Net-(C45-Pad1)] of C45 on F.Cu
    @(182.0625 mm, 73.6000 mm): Pad 1 [Net-(C45-Pad1)] of R20 on F.Cu
[unconnected_items]: Missing connection between items
    Local override; error
    @(178.9625 mm, 73.6000 mm): Pad 2 [Net-(U9-V_{OUT}L+)] of R20 on F.Cu
    @(196.2250 mm, 83.6500 mm): Pad 20 [Net-(U9-V_{OUT}L+)] of U9 on F.Cu
[unconnected_items]: Missing connection between items
    Local override; error
    @(251.1500 mm, 73.1000 mm): Pad 2 [Net-(D1-A)] of D1 on F.Cu
    @(253.4500 mm, 73.1000 mm): Pad 2 [Net-(D1-A)] of R28 on F.Cu
[unconnected_items]: Missing connection between items
    Local override; error
    @(251.2000 mm, 76.3000 mm): Pad 2 [Net-(D2-A)] of D2 on F.Cu
    @(256.5500 mm, 75.8000 mm): Pad 2 [Net-(D2-A)] of R29 on F.Cu
[unconnected_items]: Missing connection between items
    Local override; error
    @(198.7000 mm, 82.7750 mm): Pad 1 [Net-(U9-V_{COM})] of C43 on F.Cu
    @(196.2250 mm, 83.0000 mm): Pad 21 [Net-(U9-V_{COM})] of U9 on F.Cu
[unconnected_items]: Missing connection between items
    Local override; error
    @(198.7000 mm, 86.4750 mm): Pad 1 [Net-(U9-V_{COM})] of C44 on F.Cu
    @(198.7000 mm, 82.7750 mm): Pad 1 [Net-(U9-V_{COM})] of C43 on F.Cu
[unconnected_items]: Missing connection between items
    Local override; error
    @(254.2525 mm, 84.3800 mm): Pad A4 [Net-(C8-Pad2)] of J1 on F.Cu
    @(255.5025 mm, 84.6300 mm): Pad B9 [Net-(C8-Pad2)] of J1 on F.Cu
[unconnected_items]: Missing connection between items
    Local override; error
    @(255.5025 mm, 81.6300 mm): Pad B4 [Net-(C8-Pad2)] of J1 on F.Cu
    @(254.2525 mm, 81.8800 mm): Pad A9 [Net-(C8-Pad2)] of J1 on F.Cu
[unconnected_items]: Missing connection between items
    Local override; error
    @(254.2525 mm, 81.8800 mm): Pad A9 [Net-(C8-Pad2)] of J1 on F.Cu
    @(254.2525 mm, 84.3800 mm): Pad A4 [Net-(C8-Pad2)] of J1 on F.Cu
[unconnected_items]: Missing connection between items
    Local override; error
    @(254.9000 mm, 89.9625 mm): Pad 1 [Net-(C8-Pad2)] of F1 on F.Cu
    @(255.5025 mm, 84.6300 mm): Pad B9 [Net-(C8-Pad2)] of J1 on F.Cu
[unconnected_items]: Missing connection between items
    Local override; error
    @(247.8375 mm, 84.5000 mm): Pad 2 [Net-(C8-Pad2)] of C8 on F.Cu
    @(254.2525 mm, 84.3800 mm): Pad A4 [Net-(C8-Pad2)] of J1 on F.Cu
[unconnected_items]: Missing connection between items
    Local override; error
    @(254.2525 mm, 79.5800 mm): Pad A1 [Net-(J1-SHIELD)] of J1 on F.Cu
    @(254.2525 mm, 80.0800 mm): Pad A12 [Net-(J1-SHIELD)] of J1 on F.Cu
[unconnected_items]: Missing connection between items
    Local override; error
    @(254.2525 mm, 86.1800 mm): Pad A1 [Net-(J1-SHIELD)] of J1 on F.Cu
    @(254.2525 mm, 86.6800 mm): Pad A1 [Net-(J1-SHIELD)] of J1 on F.Cu
[unconnected_items]: Missing connection between items
    Local override; error
    @(254.4275 mm, 78.6800 mm): PTH pad S1 [Net-(J1-SHIELD)] of J1
    @(254.2525 mm, 79.5800 mm): Pad A1 [Net-(J1-SHIELD)] of J1 on F.Cu
[unconnected_items]: Missing connection between items
    Local override; error
    @(254.2525 mm, 86.6800 mm): Pad A1 [Net-(J1-SHIELD)] of J1 on F.Cu
    @(254.4275 mm, 87.5800 mm): PTH pad S1 [Net-(J1-SHIELD)] of J1
[unconnected_items]: Missing connection between items
    Local override; error
    @(255.5025 mm, 86.1300 mm): Pad B12 [Net-(J1-SHIELD)] of J1 on F.Cu
    @(254.2525 mm, 86.1800 mm): Pad A1 [Net-(J1-SHIELD)] of J1 on F.Cu
[unconnected_items]: Missing connection between items
    Local override; error
    @(254.2525 mm, 80.0800 mm): Pad A12 [Net-(J1-SHIELD)] of J1 on F.Cu
    @(255.5025 mm, 80.1300 mm): Pad B1 [Net-(J1-SHIELD)] of J1 on F.Cu
[unconnected_items]: Missing connection between items
    Local override; error
    @(257.6275 mm, 78.6800 mm): PTH pad S1 [Net-(J1-SHIELD)] of J1
    @(255.5025 mm, 80.1300 mm): Pad B1 [Net-(J1-SHIELD)] of J1 on F.Cu
[unconnected_items]: Missing connection between items
    Local override; error
    @(255.5025 mm, 86.1300 mm): Pad B12 [Net-(J1-SHIELD)] of J1 on F.Cu
    @(257.6275 mm, 87.5800 mm): PTH pad S1 [Net-(J1-SHIELD)] of J1
[unconnected_items]: Missing connection between items
    Local override; error
    @(255.5025 mm, 80.1300 mm): Pad B1 [Net-(J1-SHIELD)] of J1 on F.Cu
    @(255.5025 mm, 86.1300 mm): Pad B12 [Net-(J1-SHIELD)] of J1 on F.Cu

** Found 0 Footprint errors **

** End of Report **
